Data/Hora;Chuva(mm);Nivel(cm);Vazao(m3/s);Bateria(V);TempInt(C)
24/10/2023 15:30;0.00;553.00;;13.80;29.30
24/10/2023 15:15;0.00;553.00;;13.80;29.30
24/10/2023 15:00;0.00;553.00;;13.80;29.30
24/10/2023 14:45;0.00;553.00;;14.10;29.90
24/10/2023 14:30;0.00;553.00;;14.10;29.90
24/10/2023 14:15;0.00;553.00;;14.10;29.90
24/10/2023 14:00;0.00;553.00;;14.10;29.90
24/10/2023 13:45;0.00;553.00;;14.10;29.30
24/10/2023 13:30;0.00;553.00;;14.10;29.30
24/10/2023 13:15;0.00;553.00;;14.10;29.30
24/10/2023 13:00;0.00;553.00;;14.10;29.30
24/10/2023 12:45;0.00;553.00;;14.10;28.70
24/10/2023 12:30;0.00;553.00;;14.10;28.70
24/10/2023 12:15;0.00;553.00;;14.10;28.70
24/10/2023 12:00;0.00;553.00;;14.10;28.70
24/10/2023 11:45;0.00;553.00;;14.20;25.20
24/10/2023 11:30;0.00;553.00;;14.20;25.20
24/10/2023 11:15;0.00;553.00;;14.20;25.20
24/10/2023 11:00;0.00;553.00;;14.20;25.20
24/10/2023 10:45;0.00;553.00;;14.30;23.80
24/10/2023 10:30;0.00;553.00;;14.30;23.80
24/10/2023 10:15;0.00;553.00;;14.30;23.80
24/10/2023 10:00;0.00;553.00;;14.30;23.80
24/10/2023 09:45;0.00;553.00;;14.00;23.20
24/10/2023 09:30;0.00;553.00;;14.00;23.20
24/10/2023 09:15;0.00;553.00;;14.00;23.20
24/10/2023 09:00;0.00;553.00;;14.00;23.20
24/10/2023 08:45;0.00;553.00;;13.30;22.00
24/10/2023 08:30;0.00;553.00;;13.30;22.00
24/10/2023 08:15;0.00;553.00;;13.30;22.00
24/10/2023 08:00;0.00;553.00;;13.30;22.00
24/10/2023 07:45;0.00;553.00;;12.90;21.30
24/10/2023 07:30;0.00;553.00;;12.90;21.30
24/10/2023 07:15;0.00;553.00;;12.90;21.30
24/10/2023 07:00;0.00;553.00;;12.90;21.30
24/10/2023 06:45;0.00;553.00;;12.80;21.10
24/10/2023 06:30;0.00;553.00;;12.80;21.10
24/10/2023 06:15;0.00;553.00;;12.80;21.10
24/10/2023 06:00;0.00;553.00;;12.80;21.10
24/10/2023 05:45;0.00;553.00;;12.80;21.20
24/10/2023 05:30;0.00;553.00;;12.80;21.20
24/10/2023 05:15;0.00;553.00;;12.80;21.20
24/10/2023 05:00;0.00;553.00;;12.80;21.20
24/10/2023 04:45;0.00;553.00;;12.90;21.30
24/10/2023 04:30;0.00;553.00;;12.90;21.30
24/10/2023 04:15;0.00;553.00;;12.90;21.30
24/10/2023 04:00;0.00;553.00;;12.90;21.30
24/10/2023 03:45;0.00;553.00;;12.90;21.20
24/10/2023 03:30;0.00;553.00;;12.90;21.20
24/10/2023 03:15;0.00;553.00;;12.90;21.20
24/10/2023 03:00;0.00;553.00;;12.90;21.20
24/10/2023 02:45;0.00;553.00;;12.90;21.30
24/10/2023 02:30;0.00;553.00;;12.90;21.30
24/10/2023 02:15;0.00;553.00;;12.90;21.30
24/10/2023 02:00;0.00;553.00;;12.90;21.30
24/10/2023 01:45;0.00;553.00;;12.90;21.30
24/10/2023 01:30;0.00;553.00;;12.90;21.30
24/10/2023 01:15;0.00;553.00;;12.90;21.30
24/10/2023 01:00;0.00;553.00;;12.90;21.30
24/10/2023 00:45;0.00;553.00;;12.90;21.30
24/10/2023 00:30;0.00;553.00;;12.90;21.30
24/10/2023 00:15;0.00;553.00;;12.90;21.30
24/10/2023 00:00;0.00;553.00;;12.90;21.30
23/10/2023 23:45;0.00;553.00;;12.90;21.20
23/10/2023 23:30;0.00;553.00;;12.90;21.20
23/10/2023 23:15;0.00;553.00;;12.90;21.20
23/10/2023 23:00;0.00;553.00;;12.90;21.20
23/10/2023 22:45;0.00;553.00;;12.90;21.40
23/10/2023 22:30;0.00;553.00;;12.90;21.40
23/10/2023 22:15;0.00;553.00;;12.90;21.40
23/10/2023 22:00;0.00;553.00;;12.90;21.40
23/10/2023 21:45;0.00;553.00;;13.00;22.20
23/10/2023 21:30;0.00;553.00;;13.00;22.20
23/10/2023 21:15;0.00;553.00;;13.00;22.20
23/10/2023 21:00;0.00;553.00;;13.00;22.20
23/10/2023 20:45;0.00;553.00;;13.00;22.80
23/10/2023 20:30;0.00;553.00;;13.00;22.80
23/10/2023 20:15;0.00;553.00;;13.00;22.80
23/10/2023 20:00;0.00;553.00;;13.00;22.80
23/10/2023 19:45;0.00;553.00;;13.00;23.40
23/10/2023 19:30;0.00;553.00;;13.00;23.40
23/10/2023 19:15;0.00;553.00;;13.00;23.40
23/10/2023 19:00;0.00;553.00;;13.00;23.40
23/10/2023 18:45;0.00;553.00;;13.40;24.40
23/10/2023 18:30;0.00;553.00;;13.40;24.40
23/10/2023 18:15;0.00;553.00;;13.40;24.40
23/10/2023 18:00;0.00;553.00;;13.40;24.40
23/10/2023 17:45;0.00;553.00;;13.80;25.70
23/10/2023 17:30;0.00;553.00;;13.80;25.70
23/10/2023 17:15;0.00;553.00;;13.80;25.70
23/10/2023 17:00;0.00;553.00;;13.80;25.70
23/10/2023 16:45;0.00;553.00;;13.90;26.90
23/10/2023 16:30;0.00;553.00;;13.90;26.90
23/10/2023 16:15;0.00;553.00;;13.90;26.90
23/10/2023 16:00;0.00;553.00;;13.90;26.90
23/10/2023 15:45;0.00;553.00;;13.90;26.40
23/10/2023 15:30;0.00;553.00;;13.90;26.40
23/10/2023 15:15;0.00;553.00;;13.90;26.40
23/10/2023 15:00;0.00;553.00;;13.90;26.40
23/10/2023 14:45;0.00;553.00;;13.90;25.90
23/10/2023 14:30;0.00;553.00;;13.90;25.90
23/10/2023 14:15;0.00;553.00;;13.90;25.90
23/10/2023 14:00;0.00;553.00;;13.90;25.90
23/10/2023 13:45;0.00;553.00;;14.20;25.30
23/10/2023 13:30;0.00;553.00;;14.20;25.30
23/10/2023 13:15;0.00;553.00;;14.20;25.30
23/10/2023 13:00;0.00;553.00;;14.20;25.30
23/10/2023 12:45;0.00;553.00;;14.20;23.90
23/10/2023 12:30;0.00;553.00;;14.20;23.90
23/10/2023 12:15;0.00;553.00;;14.20;23.90
23/10/2023 12:00;0.00;553.00;;14.20;23.90
23/10/2023 11:45;0.00;553.00;;14.30;22.80
23/10/2023 11:30;0.00;553.00;;14.30;22.80
23/10/2023 11:15;0.00;553.00;;14.30;22.80
23/10/2023 11:00;0.20;553.00;;14.30;22.80
23/10/2023 10:45;0.00;553.00;;14.20;22.60
23/10/2023 10:30;0.00;553.00;;14.20;22.60
23/10/2023 10:15;0.20;553.00;;14.20;22.60
23/10/2023 10:00;0.00;553.00;;14.20;22.60
23/10/2023 09:45;0.00;553.00;;14.30;22.60
23/10/2023 09:30;0.00;553.00;;14.30;22.60
23/10/2023 09:15;0.00;553.00;;14.30;22.60
23/10/2023 09:00;0.00;553.00;;14.30;22.60
23/10/2023 08:45;0.00;553.00;;13.70;21.70
23/10/2023 08:30;0.00;553.00;;13.70;21.70
23/10/2023 08:15;0.00;553.00;;13.70;21.70
23/10/2023 08:00;0.00;553.00;;13.70;21.70
23/10/2023 07:45;0.00;553.00;;12.90;20.60
23/10/2023 07:30;0.00;553.00;;12.90;20.60
23/10/2023 07:15;0.00;553.00;;12.90;20.60
23/10/2023 07:00;0.00;553.00;;12.90;20.60
23/10/2023 06:45;0.00;553.00;;12.80;20.40
23/10/2023 06:30;0.00;553.00;;12.80;20.40
23/10/2023 06:15;0.00;553.00;;12.80;20.40
23/10/2023 06:00;0.00;553.00;;12.80;20.40
23/10/2023 05:45;0.00;553.00;;12.80;20.40
23/10/2023 05:30;0.00;553.00;;12.80;20.40
23/10/2023 05:15;0.00;553.00;;12.80;20.40
23/10/2023 05:00;0.00;553.00;;12.80;20.40
23/10/2023 04:45;0.00;553.00;;12.90;20.50
23/10/2023 04:30;0.00;553.00;;12.90;20.50
23/10/2023 04:15;0.00;553.00;;12.90;20.50
23/10/2023 04:00;0.00;553.00;;12.90;20.50
23/10/2023 03:45;0.00;553.00;;12.90;20.90
23/10/2023 03:30;0.00;553.00;;12.90;20.90
23/10/2023 03:15;0.00;553.00;;12.90;20.90
23/10/2023 03:00;0.00;553.00;;12.90;20.90
23/10/2023 02:45;0.00;553.00;;12.90;21.40
23/10/2023 02:30;0.00;553.00;;12.90;21.40
23/10/2023 02:15;0.00;553.00;;12.90;21.40
23/10/2023 02:00;0.00;553.00;;12.90;21.40
23/10/2023 01:45;0.60;553.00;;12.90;21.70
23/10/2023 01:30;0.00;553.00;;12.90;21.70
23/10/2023 01:15;0.00;553.00;;12.90;21.70
23/10/2023 01:00;0.00;553.00;;12.90;21.70
23/10/2023 00:45;0.00;553.00;;12.90;22.20
23/10/2023 00:30;0.00;553.00;;12.90;22.20
23/10/2023 00:15;0.20;553.00;;12.90;22.20
23/10/2023 00:00;0.40;553.00;;12.90;22.20
22/10/2023 23:45;0.20;553.00;;12.90;22.80
22/10/2023 23:30;0.20;553.00;;12.90;22.80
22/10/2023 23:15;0.00;553.00;;12.90;22.80
22/10/2023 23:00;0.00;553.00;;12.90;22.80
22/10/2023 22:45;0.00;553.00;;12.90;22.80
22/10/2023 22:30;0.00;553.00;;12.90;22.80
22/10/2023 22:15;0.00;553.00;;12.90;22.80
22/10/2023 22:00;0.00;553.00;;12.90;22.80
22/10/2023 21:45;0.00;553.00;;13.00;24.30
22/10/2023 21:30;0.00;553.00;;13.00;24.30
22/10/2023 21:15;0.00;553.00;;13.00;24.30
22/10/2023 21:00;0.00;553.00;;13.00;24.30
22/10/2023 20:45;0.00;553.00;;13.00;25.20
22/10/2023 20:30;0.00;553.00;;13.00;25.20
22/10/2023 20:15;0.00;553.00;;13.00;25.20
22/10/2023 20:00;0.00;553.00;;13.00;25.20
22/10/2023 19:45;0.00;553.00;;13.10;26.20
22/10/2023 19:30;0.00;553.00;;13.10;26.20
22/10/2023 19:15;0.00;553.00;;13.10;26.20
22/10/2023 19:00;0.00;553.00;;13.10;26.20
22/10/2023 18:45;0.00;553.00;;13.40;27.50
22/10/2023 18:30;0.00;553.00;;13.40;27.50
22/10/2023 18:15;0.00;553.00;;13.40;27.50
22/10/2023 18:00;0.00;553.00;;13.40;27.50
22/10/2023 17:45;0.00;553.00;;13.40;28.90
22/10/2023 17:30;0.00;553.00;;13.40;28.90
22/10/2023 17:15;0.00;553.00;;13.40;28.90
22/10/2023 17:00;0.00;553.00;;13.40;28.90
22/10/2023 16:45;0.00;553.00;;13.70;32.90
22/10/2023 16:30;0.00;553.00;;13.70;32.90
22/10/2023 16:15;0.00;553.00;;13.70;32.90
22/10/2023 16:00;0.00;553.00;;13.70;32.90
22/10/2023 15:45;0.00;553.00;;13.70;34.40
22/10/2023 15:30;0.00;553.00;;13.70;34.40
22/10/2023 15:15;0.00;553.00;;13.70;34.40
22/10/2023 15:00;0.00;553.00;;13.70;34.40
22/10/2023 14:45;0.00;553.00;;13.70;32.90
22/10/2023 14:30;0.00;553.00;;13.70;32.90
22/10/2023 14:15;0.00;553.00;;13.70;32.90
22/10/2023 14:00;0.00;553.00;;13.70;32.90
22/10/2023 13:45;0.00;553.00;;14.10;31.40
22/10/2023 13:30;0.00;553.00;;14.10;31.40
22/10/2023 13:15;0.00;553.00;;14.10;31.40
22/10/2023 13:00;0.00;553.00;;14.10;31.40
22/10/2023 12:45;0.00;553.00;;14.10;30.30
22/10/2023 12:30;0.00;553.00;;14.10;30.30
22/10/2023 12:15;0.00;553.00;;14.10;30.30
22/10/2023 12:00;0.00;553.00;;14.10;30.30
22/10/2023 11:45;0.00;553.00;;14.10;28.30
22/10/2023 11:30;0.00;553.00;;14.10;28.30
22/10/2023 11:15;0.00;553.00;;14.10;28.30
22/10/2023 11:00;0.00;553.00;;14.10;28.30
22/10/2023 10:45;0.00;553.00;;14.20;26.70
22/10/2023 10:30;0.00;553.00;;14.20;26.70
22/10/2023 10:15;0.00;553.00;;14.20;26.70
22/10/2023 10:00;0.00;553.00;;14.20;26.70
22/10/2023 09:45;0.00;553.00;;14.30;22.80
22/10/2023 09:30;0.00;553.00;;14.30;22.80
22/10/2023 09:15;0.00;553.00;;14.30;22.80
22/10/2023 09:00;0.00;553.00;;14.30;22.80
22/10/2023 08:45;0.00;553.00;;13.80;18.90
22/10/2023 08:30;0.00;553.00;;13.80;18.90
22/10/2023 08:15;0.00;553.00;;13.80;18.90
22/10/2023 08:00;0.00;553.00;;13.80;18.90
22/10/2023 07:45;0.00;553.00;;12.90;17.40
22/10/2023 07:30;0.00;553.00;;12.90;17.40
22/10/2023 07:15;0.00;553.00;;12.90;17.40
22/10/2023 07:00;0.00;553.00;;12.90;17.40
22/10/2023 06:45;0.00;553.00;;12.80;17.30
22/10/2023 06:30;0.00;553.00;;12.80;17.30
22/10/2023 06:15;0.00;553.00;;12.80;17.30
22/10/2023 06:00;0.00;553.00;;12.80;17.30
22/10/2023 05:45;0.00;553.00;;12.80;17.80
22/10/2023 05:30;0.00;553.00;;12.80;17.80
22/10/2023 05:15;0.00;553.00;;12.80;17.80
22/10/2023 05:00;0.00;553.00;;12.80;17.80
22/10/2023 04:45;0.00;553.00;;12.90;18.30
22/10/2023 04:30;0.00;553.00;;12.90;18.30
22/10/2023 04:15;0.00;553.00;;12.90;18.30
22/10/2023 04:00;0.00;553.00;;12.90;18.30
22/10/2023 03:45;0.00;553.00;;12.90;18.90
22/10/2023 03:30;0.00;553.00;;12.90;18.90
22/10/2023 03:15;0.00;553.00;;12.90;18.90
22/10/2023 03:00;0.00;553.00;;12.90;18.90
22/10/2023 02:45;0.00;553.00;;12.90;19.50
22/10/2023 02:30;0.00;553.00;;12.90;19.50
22/10/2023 02:15;0.00;553.00;;12.90;19.50
22/10/2023 02:00;0.00;553.00;;12.90;19.50
22/10/2023 01:45;0.00;553.00;;12.90;19.80
22/10/2023 01:30;0.00;553.00;;12.90;19.80
22/10/2023 01:15;0.00;553.00;;12.90;19.80
22/10/2023 01:00;0.00;553.00;;12.90;19.80
22/10/2023 00:45;0.00;553.00;;12.90;20.50
22/10/2023 00:30;0.00;553.00;;12.90;20.50
22/10/2023 00:15;0.00;553.00;;12.90;20.50
22/10/2023 00:00;0.00;553.00;;12.90;20.50
21/10/2023 23:45;0.00;553.00;;12.90;21.40
21/10/2023 23:30;0.00;553.00;;12.90;21.40
21/10/2023 23:15;0.00;553.00;;12.90;21.40
21/10/2023 23:00;0.00;553.00;;12.90;21.40
21/10/2023 22:45;0.00;553.00;;12.90;22.30
21/10/2023 22:30;0.00;553.00;;12.90;22.30
21/10/2023 22:15;0.00;553.00;;12.90;22.30
21/10/2023 22:00;0.00;553.00;;12.90;22.30
21/10/2023 21:45;0.00;553.00;;13.00;23.50
21/10/2023 21:30;0.00;553.00;;13.00;23.50
21/10/2023 21:15;0.00;553.00;;13.00;23.50
21/10/2023 21:00;0.00;553.00;;13.00;23.50
21/10/2023 20:45;0.00;553.00;;13.00;25.40
21/10/2023 20:30;0.00;553.00;;13.00;25.40
21/10/2023 20:15;0.00;553.00;;13.00;25.40
21/10/2023 20:00;0.00;553.00;;13.00;25.40
21/10/2023 19:45;0.00;553.00;;13.10;28.10
21/10/2023 19:30;0.00;553.00;;13.10;28.10
21/10/2023 19:15;0.00;553.00;;13.10;28.10
21/10/2023 19:00;0.00;553.00;;13.10;28.10
21/10/2023 18:45;0.00;553.00;;13.50;31.10
21/10/2023 18:30;0.00;553.00;;13.50;31.10
21/10/2023 18:15;0.00;553.00;;13.50;31.10
21/10/2023 18:00;0.00;553.00;;13.50;31.10
21/10/2023 17:45;0.00;553.00;;13.70;32.40
21/10/2023 17:30;0.00;553.00;;13.70;32.40
21/10/2023 17:15;0.00;553.00;;13.70;32.40
21/10/2023 17:00;0.00;553.00;;13.70;32.40
21/10/2023 16:45;0.00;553.00;;13.70;32.80
21/10/2023 16:30;0.00;553.00;;13.70;32.80
21/10/2023 16:15;0.00;553.00;;13.70;32.80
21/10/2023 16:00;0.00;553.00;;13.70;32.80
21/10/2023 15:45;0.00;553.00;;13.70;32.50
21/10/2023 15:30;0.00;553.00;;13.70;32.50
21/10/2023 15:15;0.00;553.00;;13.70;32.50
21/10/2023 15:00;0.00;553.00;;13.70;32.50
21/10/2023 14:45;0.00;553.00;;14.10;31.00
21/10/2023 14:30;0.00;553.00;;14.10;31.00
21/10/2023 14:15;0.00;553.00;;14.10;31.00
21/10/2023 14:00;0.00;553.00;;14.10;31.00
21/10/2023 13:45;0.00;553.00;;14.10;29.10
21/10/2023 13:30;0.00;553.00;;14.10;29.10
21/10/2023 13:15;0.00;553.00;;14.10;29.10
21/10/2023 13:00;0.00;553.00;;14.10;29.10
21/10/2023 12:45;0.00;553.00;;14.20;27.20
21/10/2023 12:30;0.00;553.00;;14.20;27.20
21/10/2023 12:15;0.00;553.00;;14.20;27.20
21/10/2023 12:00;0.00;553.00;;14.20;27.20
21/10/2023 11:45;0.00;553.00;;14.30;23.80
21/10/2023 11:30;0.00;553.00;;14.30;23.80
21/10/2023 11:15;0.00;553.00;;14.30;23.80
21/10/2023 11:00;0.00;553.00;;14.30;23.80
21/10/2023 10:45;0.00;553.00;;14.40;21.20
21/10/2023 10:30;0.00;553.00;;14.40;21.20
21/10/2023 10:15;0.00;553.00;;14.40;21.20
21/10/2023 10:00;0.00;553.00;;14.40;21.20
21/10/2023 09:45;0.00;553.00;;14.40;19.00
21/10/2023 09:30;0.00;553.00;;14.40;19.00
21/10/2023 09:15;0.00;553.00;;14.40;19.00
21/10/2023 09:00;0.00;553.00;;14.40;19.00
21/10/2023 08:45;0.00;553.00;;13.50;17.60
21/10/2023 08:30;0.00;553.00;;13.50;17.60
21/10/2023 08:15;0.00;553.00;;13.50;17.60
21/10/2023 08:00;0.00;553.00;;13.50;17.60
21/10/2023 07:45;0.00;553.00;;12.90;16.80
21/10/2023 07:30;0.00;553.00;;12.90;16.80
21/10/2023 07:15;0.00;553.00;;12.90;16.80
21/10/2023 07:00;0.00;553.00;;12.90;16.80
21/10/2023 06:45;0.00;553.00;;12.80;16.30
21/10/2023 06:30;0.00;553.00;;12.80;16.30
21/10/2023 06:15;0.00;553.00;;12.80;16.30
21/10/2023 06:00;0.00;553.00;;12.80;16.30
21/10/2023 05:45;0.00;553.00;;12.80;16.30
21/10/2023 05:30;0.00;553.00;;12.80;16.30
21/10/2023 05:15;0.00;553.00;;12.80;16.30
21/10/2023 05:00;0.00;553.00;;12.80;16.30
21/10/2023 04:45;0.00;553.00;;12.90;16.40
21/10/2023 04:30;0.00;553.00;;12.90;16.40
21/10/2023 04:15;0.00;553.00;;12.90;16.40
21/10/2023 04:00;0.00;553.00;;12.90;16.40
21/10/2023 03:45;0.00;553.00;;12.90;16.30
21/10/2023 03:30;0.00;553.00;;12.90;16.30
21/10/2023 03:15;0.00;553.00;;12.90;16.30
21/10/2023 03:00;0.00;553.00;;12.90;16.30
21/10/2023 02:45;0.00;553.00;;12.90;16.40
21/10/2023 02:30;0.00;553.00;;12.90;16.40
21/10/2023 02:15;0.00;553.00;;12.90;16.40
21/10/2023 02:00;0.00;553.00;;12.90;16.40
21/10/2023 01:45;0.00;553.00;;12.90;16.90
21/10/2023 01:30;0.00;553.00;;12.90;16.90
21/10/2023 01:15;0.00;553.00;;12.90;16.90
21/10/2023 01:00;0.00;553.00;;12.90;16.90
21/10/2023 00:45;0.00;553.00;;12.90;17.60
21/10/2023 00:30;0.00;553.00;;12.90;17.60
21/10/2023 00:15;0.00;553.00;;12.90;17.60
21/10/2023 00:00;0.00;553.00;;12.90;17.60
20/10/2023 23:45;0.00;553.00;;12.90;18.40
20/10/2023 23:30;0.00;553.00;;12.90;18.40
20/10/2023 23:15;0.00;553.00;;12.90;18.40
20/10/2023 23:00;0.00;553.00;;12.90;18.40
20/10/2023 22:45;0.00;553.00;;12.90;19.30
20/10/2023 22:30;0.00;553.00;;12.90;19.30
20/10/2023 22:15;0.00;553.00;;12.90;19.30
20/10/2023 22:00;0.00;553.00;;12.90;19.30
20/10/2023 21:45;0.00;553.00;;13.00;20.50
20/10/2023 21:30;0.00;553.00;;13.00;20.50
20/10/2023 21:15;0.00;553.00;;13.00;20.50
20/10/2023 21:00;0.00;537.00;;13.00;20.50
20/10/2023 20:45;0.00;537.00;;13.00;22.10
20/10/2023 20:30;0.00;537.00;;13.00;22.10
20/10/2023 20:15;0.00;538.00;;13.00;22.10
20/10/2023 20:00;0.00;539.00;;13.00;22.10
20/10/2023 19:45;0.00;539.00;;13.20;24.50
20/10/2023 19:30;0.00;540.00;;13.20;24.50
20/10/2023 19:15;0.00;540.00;;13.20;24.50
20/10/2023 19:00;0.00;541.00;;13.20;24.50
20/10/2023 18:45;0.00;541.00;;13.60;26.50
20/10/2023 18:30;0.00;542.00;;13.60;26.50
20/10/2023 18:15;0.00;543.00;;13.60;26.50
20/10/2023 18:00;0.00;543.00;;13.60;26.50
20/10/2023 17:45;0.00;544.00;;13.80;27.60
20/10/2023 17:30;0.00;544.00;;13.80;27.60
20/10/2023 17:15;0.00;545.00;;13.80;27.60
20/10/2023 17:00;0.00;546.00;;13.80;27.60
20/10/2023 16:45;0.00;546.00;;13.80;29.00
20/10/2023 16:30;0.00;547.00;;13.80;29.00
20/10/2023 16:15;0.00;547.00;;13.80;29.00
20/10/2023 16:00;0.00;548.00;;13.80;29.00
20/10/2023 15:45;0.00;549.00;;13.80;29.70
20/10/2023 15:30;0.00;549.00;;13.80;29.70
20/10/2023 15:15;0.00;549.00;;13.80;29.70
20/10/2023 15:00;0.00;550.00;;13.80;29.70
20/10/2023 14:45;0.00;551.00;;13.80;28.80
20/10/2023 14:30;0.00;551.00;;13.80;28.80
20/10/2023 14:15;0.00;552.00;;13.80;28.80
20/10/2023 14:00;0.00;552.00;;13.80;28.80
20/10/2023 13:45;0.00;553.00;;14.10;29.50
20/10/2023 13:30;0.00;554.00;;14.10;29.50
20/10/2023 13:15;0.00;554.00;;14.10;29.50
20/10/2023 13:00;0.00;555.00;;14.10;29.50
20/10/2023 12:45;0.00;556.00;;14.10;29.00
20/10/2023 12:30;0.00;556.00;;14.10;29.00
20/10/2023 12:15;0.00;557.00;;14.10;29.00
20/10/2023 12:00;0.00;558.00;;14.10;29.00
20/10/2023 11:45;0.00;559.00;;14.20;28.00
20/10/2023 11:30;0.00;559.00;;14.20;28.00
20/10/2023 11:15;0.00;560.00;;14.20;28.00
20/10/2023 11:00;0.00;561.00;;14.20;28.00
20/10/2023 10:45;0.00;562.00;;14.20;25.60
20/10/2023 10:30;0.00;564.00;;14.20;25.60
20/10/2023 10:15;0.00;564.00;;14.20;25.60
20/10/2023 10:00;0.00;565.00;;14.20;25.60
20/10/2023 09:45;0.00;566.00;;14.40;20.50
20/10/2023 09:30;0.00;567.00;;14.40;20.50
20/10/2023 09:15;0.00;568.00;;14.40;20.50
20/10/2023 09:00;0.00;569.00;;14.40;20.50
20/10/2023 08:45;0.00;569.00;;13.60;17.00
20/10/2023 08:30;0.00;570.00;;13.60;17.00
20/10/2023 08:15;0.00;571.00;;13.60;17.00
20/10/2023 08:00;0.00;572.00;;13.60;17.00
20/10/2023 07:45;0.00;573.00;;12.90;15.70
20/10/2023 07:30;0.00;574.00;;12.90;15.70
20/10/2023 07:15;0.00;575.00;;12.90;15.70
20/10/2023 07:00;0.00;576.00;;12.90;15.70
20/10/2023 06:45;0.00;576.00;;12.80;15.60
20/10/2023 06:30;0.00;577.00;;12.80;15.60
20/10/2023 06:15;0.00;578.00;;12.80;15.60
20/10/2023 06:00;0.00;579.00;;12.80;15.60
20/10/2023 05:45;0.00;579.00;;12.80;16.20
20/10/2023 05:30;0.00;580.00;;12.80;16.20
20/10/2023 05:15;0.00;581.00;;12.80;16.20
20/10/2023 05:00;0.00;582.00;;12.80;16.20
20/10/2023 04:45;0.00;583.00;;12.90;17.00
20/10/2023 04:30;0.00;584.00;;12.90;17.00
20/10/2023 04:15;0.00;585.00;;12.90;17.00
20/10/2023 04:00;0.00;586.00;;12.90;17.00
20/10/2023 03:45;0.00;586.00;;12.90;17.90
20/10/2023 03:30;0.00;588.00;;12.90;17.90
20/10/2023 03:15;0.00;589.00;;12.90;17.90
20/10/2023 03:00;0.00;589.00;;12.90;17.90
20/10/2023 02:45;0.00;590.00;;12.90;18.20
20/10/2023 02:30;0.00;591.00;;12.90;18.20
20/10/2023 02:15;0.00;593.00;;12.90;18.20
20/10/2023 02:00;0.00;593.00;;12.90;18.20
20/10/2023 01:45;0.00;595.00;;12.90;18.70
20/10/2023 01:30;0.00;595.00;;12.90;18.70
20/10/2023 01:15;0.00;596.00;;12.90;18.70
20/10/2023 01:00;0.00;597.00;;12.90;18.70
20/10/2023 00:45;0.00;598.00;;12.90;18.90
20/10/2023 00:30;0.00;599.00;;12.90;18.90
20/10/2023 00:15;0.00;600.00;;12.90;18.90
20/10/2023 00:00;0.00;601.00;;12.90;18.90
19/10/2023 23:45;0.00;602.00;;12.90;19.00
19/10/2023 23:30;0.00;603.00;;12.90;19.00
19/10/2023 23:15;0.00;604.00;;12.90;19.00
19/10/2023 23:00;0.00;604.00;;12.90;19.00
19/10/2023 22:45;0.00;605.00;;12.90;19.00
19/10/2023 22:30;0.00;607.00;;12.90;19.00
19/10/2023 22:15;0.00;607.00;;12.90;19.00
19/10/2023 22:00;0.00;608.00;;12.90;19.00
19/10/2023 21:45;0.00;608.00;;13.00;19.70
19/10/2023 21:30;0.00;609.00;;13.00;19.70
19/10/2023 21:15;0.00;610.00;;13.00;19.70
19/10/2023 21:00;0.00;610.00;;13.00;19.70
19/10/2023 20:45;0.00;611.00;;13.00;20.20
19/10/2023 20:30;0.00;611.00;;13.00;20.20
19/10/2023 20:15;0.00;611.00;;13.00;20.20
19/10/2023 20:00;0.00;612.00;;13.00;20.20
19/10/2023 19:45;0.00;611.00;;13.10;20.80
19/10/2023 19:30;0.00;611.00;;13.10;20.80
19/10/2023 19:15;0.00;611.00;;13.10;20.80
19/10/2023 19:00;0.00;610.00;;13.10;20.80
19/10/2023 18:45;0.00;610.00;;13.60;21.40
19/10/2023 18:30;0.00;610.00;;13.60;21.40
19/10/2023 18:15;0.00;609.00;;13.60;21.40
19/10/2023 18:00;0.00;609.00;;13.60;21.40
19/10/2023 17:45;0.00;608.00;;13.60;22.20
19/10/2023 17:30;0.00;609.00;;13.60;22.20
19/10/2023 17:15;0.00;609.00;;13.60;22.20
19/10/2023 17:00;0.00;609.00;;13.60;22.20
19/10/2023 16:45;0.00;609.00;;13.70;23.80
19/10/2023 16:30;0.00;611.00;;13.70;23.80
19/10/2023 16:15;0.00;613.00;;13.70;23.80
19/10/2023 16:00;0.00;616.00;;13.70;23.80
19/10/2023 15:45;0.00;619.00;;14.00;24.30
19/10/2023 15:30;0.00;623.00;;14.00;24.30
19/10/2023 15:15;0.00;627.00;;14.00;24.30
19/10/2023 15:00;0.00;632.00;;14.00;24.30
19/10/2023 14:45;0.00;637.00;;14.20;24.00
19/10/2023 14:30;0.00;642.00;;14.20;24.00
19/10/2023 14:15;0.00;647.00;;14.20;24.00
19/10/2023 14:00;0.00;651.00;;14.20;24.00
19/10/2023 13:45;0.00;655.00;;14.20;24.40
19/10/2023 13:30;0.00;658.00;;14.20;24.40
19/10/2023 13:15;0.00;661.00;;14.20;24.40
19/10/2023 13:00;0.00;664.00;;14.20;24.40
19/10/2023 12:45;0.00;665.00;;14.20;24.70
19/10/2023 12:30;0.00;668.00;;14.20;24.70
19/10/2023 12:15;0.00;670.00;;14.20;24.70
19/10/2023 12:00;0.00;672.00;;14.20;24.70
19/10/2023 11:45;0.00;673.00;;14.30;23.30
19/10/2023 11:30;0.00;675.00;;14.30;23.30
19/10/2023 11:15;0.00;677.00;;14.30;23.30
19/10/2023 11:00;0.00;679.00;;14.30;23.30
19/10/2023 10:45;0.00;680.00;;14.40;20.50
19/10/2023 10:30;0.00;682.00;;14.40;20.50
19/10/2023 10:15;0.00;684.00;;14.40;20.50
19/10/2023 10:00;0.00;685.00;;14.40;20.50
19/10/2023 09:45;0.00;686.00;;14.40;18.70
19/10/2023 09:30;0.00;688.00;;14.40;18.70
19/10/2023 09:15;0.00;689.00;;14.40;18.70
19/10/2023 09:00;0.00;690.00;;14.40;18.70
19/10/2023 08:45;0.00;691.00;;13.30;17.40
19/10/2023 08:30;0.00;691.00;;13.30;17.40
19/10/2023 08:15;0.00;691.00;;13.30;17.40
19/10/2023 08:00;0.00;691.00;;13.30;17.40
19/10/2023 07:45;0.00;692.00;;12.90;16.40
19/10/2023 07:30;0.00;691.00;;12.90;16.40
19/10/2023 07:15;0.00;690.00;;12.90;16.40
19/10/2023 07:00;0.00;690.00;;12.90;16.40
19/10/2023 06:45;0.00;690.00;;12.80;16.30
19/10/2023 06:30;0.00;690.00;;12.80;16.30
19/10/2023 06:15;0.00;690.00;;12.80;16.30
19/10/2023 06:00;0.00;692.00;;12.80;16.30
19/10/2023 05:45;0.00;695.00;;12.90;16.50
19/10/2023 05:30;0.00;697.00;;12.90;16.50
19/10/2023 05:15;0.00;701.00;;12.90;16.50
19/10/2023 05:00;0.00;704.00;;12.90;16.50
19/10/2023 04:45;0.00;706.00;;12.90;16.80
19/10/2023 04:30;0.00;709.00;;12.90;16.80
19/10/2023 04:15;0.00;711.00;;12.90;16.80
19/10/2023 04:00;0.00;712.00;;12.90;16.80
19/10/2023 03:45;0.00;713.00;;12.90;16.80
19/10/2023 03:30;0.00;713.00;;12.90;16.80
19/10/2023 03:15;0.00;712.00;;12.90;16.80
19/10/2023 03:00;0.00;712.00;;12.90;16.80
19/10/2023 02:45;0.00;713.00;;12.90;16.90
19/10/2023 02:30;0.00;713.00;;12.90;16.90
19/10/2023 02:15;0.00;713.00;;12.90;16.90
19/10/2023 02:00;0.00;713.00;;12.90;16.90
19/10/2023 01:45;0.00;715.00;;12.90;17.00
19/10/2023 01:30;0.00;715.00;;12.90;17.00
19/10/2023 01:15;0.00;718.00;;12.90;17.00
19/10/2023 01:00;0.00;720.00;;12.90;17.00
19/10/2023 00:45;0.00;723.00;;12.90;17.10
19/10/2023 00:30;0.00;728.00;;12.90;17.10
19/10/2023 00:15;0.00;732.00;;12.90;17.10
19/10/2023 00:00;0.00;736.00;;12.90;17.10
18/10/2023 23:45;0.00;742.00;;12.90;17.30
18/10/2023 23:30;0.00;746.00;;12.90;17.30
18/10/2023 23:15;0.00;750.00;;12.90;17.30
18/10/2023 23:00;0.00;754.00;;12.90;17.30
18/10/2023 22:45;0.00;758.00;;12.90;17.30
18/10/2023 22:30;0.00;763.00;;12.90;17.30
18/10/2023 22:15;0.00;766.00;;12.90;17.30
18/10/2023 22:00;0.00;769.00;;12.90;17.30
18/10/2023 21:45;0.00;777.00;;13.00;18.10
18/10/2023 21:30;0.00;782.00;;13.00;18.10
18/10/2023 21:15;0.00;787.00;;13.00;18.10
18/10/2023 21:00;0.00;791.00;;13.00;18.10
18/10/2023 20:45;0.00;791.00;;13.00;18.50
18/10/2023 20:30;0.00;796.00;;13.00;18.50
18/10/2023 20:15;0.00;802.00;;13.00;18.50
18/10/2023 20:00;0.00;808.00;;13.00;18.50
18/10/2023 19:45;0.00;812.00;;13.20;19.30
18/10/2023 19:30;0.00;818.00;;13.20;19.30
18/10/2023 19:15;0.00;822.00;;13.20;19.30
18/10/2023 19:00;0.00;825.00;;13.20;19.30
18/10/2023 18:45;0.00;827.00;;13.70;20.70
18/10/2023 18:30;0.00;827.00;;13.70;20.70
18/10/2023 18:15;0.00;825.00;;13.70;20.70
18/10/2023 18:00;0.00;823.00;;13.70;20.70
18/10/2023 17:45;0.00;819.00;;14.00;21.30
18/10/2023 17:30;0.00;815.00;;14.00;21.30
18/10/2023 17:15;0.00;810.00;;14.00;21.30
18/10/2023 17:00;0.00;804.00;;14.00;21.30
18/10/2023 16:45;0.00;801.00;;14.00;22.60
18/10/2023 16:30;0.00;799.00;;14.00;22.60
18/10/2023 16:15;0.00;799.00;;14.00;22.60
18/10/2023 16:00;0.00;800.00;;14.00;22.60
18/10/2023 15:45;0.00;803.00;;14.00;23.40
18/10/2023 15:30;0.00;805.00;;14.00;23.40
18/10/2023 15:15;0.00;810.00;;14.00;23.40
18/10/2023 15:00;0.00;817.00;;14.00;23.40
18/10/2023 14:45;0.00;826.00;;14.00;23.60
18/10/2023 14:30;0.00;834.00;;14.00;23.60
18/10/2023 14:15;0.00;847.00;;14.00;23.60
18/10/2023 14:00;0.00;859.00;;14.00;23.60
18/10/2023 13:45;0.00;870.00;;14.20;24.10
18/10/2023 13:30;0.00;881.00;;14.20;24.10
18/10/2023 13:15;0.00;888.00;;14.20;24.10
18/10/2023 13:00;0.00;896.00;;14.20;24.10
18/10/2023 12:45;0.00;899.00;;14.30;22.90
18/10/2023 12:30;0.00;904.00;;14.30;22.90
18/10/2023 12:15;0.00;907.00;;14.30;22.90
18/10/2023 12:00;0.00;911.00;;14.30;22.90
18/10/2023 11:45;0.00;915.00;;14.40;20.90
18/10/2023 11:30;0.00;919.00;;14.40;20.90
18/10/2023 11:15;0.00;921.00;;14.40;20.90
18/10/2023 11:00;0.00;926.00;;14.40;20.90
18/10/2023 10:45;0.00;930.00;;14.40;20.40
18/10/2023 10:30;0.00;934.00;;14.40;20.40
18/10/2023 10:15;0.00;937.00;;14.40;20.40
18/10/2023 10:00;0.00;941.00;;14.40;20.40
18/10/2023 09:45;0.00;945.00;;14.50;19.00
18/10/2023 09:30;0.00;949.00;;14.50;19.00
18/10/2023 09:15;0.00;952.00;;14.50;19.00
18/10/2023 09:00;0.00;956.00;;14.50;19.00
18/10/2023 08:45;0.00;960.00;;13.50;16.60
18/10/2023 08:30;0.00;962.00;;13.50;16.60
18/10/2023 08:15;0.00;967.00;;13.50;16.60
18/10/2023 08:00;0.00;970.00;;13.50;16.60
18/10/2023 07:45;0.00;973.00;;12.90;15.20
18/10/2023 07:30;0.00;978.00;;12.90;15.20
18/10/2023 07:15;0.00;981.00;;12.90;15.20
18/10/2023 07:00;0.00;984.00;;12.90;15.20
18/10/2023 06:45;0.00;988.00;;12.80;14.90
18/10/2023 06:30;0.00;991.00;;12.80;14.90
18/10/2023 06:15;0.00;994.00;;12.80;14.90
18/10/2023 06:00;0.00;998.00;;12.80;14.90
18/10/2023 05:45;0.00;1002.00;;12.90;15.10
18/10/2023 05:30;0.00;1005.00;;12.90;15.10
18/10/2023 05:15;0.00;1009.00;;12.90;15.10
18/10/2023 05:00;0.00;1013.00;;12.90;15.10
18/10/2023 04:45;0.00;1014.00;;12.90;15.80
18/10/2023 04:30;0.00;1019.00;;12.90;15.80
18/10/2023 04:15;0.00;1023.00;;12.90;15.80
18/10/2023 04:00;0.00;1027.00;;12.90;15.80
18/10/2023 03:45;0.00;1029.00;;12.90;16.30
18/10/2023 03:30;0.00;1032.00;;12.90;16.30
18/10/2023 03:15;0.00;1036.00;;12.90;16.30
18/10/2023 03:00;0.00;1039.00;;12.90;16.30
18/10/2023 02:45;0.00;1043.00;;12.90;16.90
18/10/2023 02:30;0.00;1047.00;;12.90;16.90
18/10/2023 02:15;0.00;1049.00;;12.90;16.90
18/10/2023 02:00;0.00;1054.00;;12.90;16.90
18/10/2023 01:45;0.00;1056.00;;12.90;16.90
18/10/2023 01:30;0.00;1059.00;;12.90;16.90
18/10/2023 01:15;0.00;1064.00;;12.90;16.90
18/10/2023 01:00;0.00;1066.00;;12.90;16.90
18/10/2023 00:45;0.00;1070.00;;12.90;17.10
18/10/2023 00:30;0.00;1074.00;;12.90;17.10
18/10/2023 00:15;0.00;1077.00;;12.90;17.10
18/10/2023 00:00;0.00;1080.00;;12.90;17.10
17/10/2023 23:45;0.00;1083.00;;12.90;17.70
17/10/2023 23:30;0.00;1086.00;;12.90;17.70
17/10/2023 23:15;0.00;1089.00;;12.90;17.70
17/10/2023 23:00;0.00;1092.00;;12.90;17.70
17/10/2023 22:45;0.00;1095.00;;13.00;17.90
17/10/2023 22:30;0.00;1097.00;;13.00;17.90
17/10/2023 22:15;0.00;1100.00;;13.00;17.90
17/10/2023 22:00;0.00;1104.00;;13.00;17.90
17/10/2023 21:45;0.00;1110.00;;13.00;18.20
17/10/2023 21:30;0.00;1111.00;;13.00;18.20
17/10/2023 21:15;0.00;1112.00;;13.00;18.20
17/10/2023 21:00;0.00;1113.00;;13.00;18.20
17/10/2023 20:45;0.00;1113.00;;13.00;18.90
17/10/2023 20:30;0.00;1115.00;;13.00;18.90
17/10/2023 20:15;0.00;1116.00;;13.00;18.90
17/10/2023 20:00;0.00;1118.00;;13.00;18.90
17/10/2023 19:45;0.00;1119.00;;13.10;20.10
17/10/2023 19:30;0.00;1119.00;;13.10;20.10
17/10/2023 19:15;0.00;1121.00;;13.10;20.10
17/10/2023 19:00;0.00;1118.00;;13.10;20.10
17/10/2023 18:45;0.00;1121.00;;13.40;21.60
17/10/2023 18:30;0.00;1118.00;;13.40;21.60
17/10/2023 18:15;0.00;1116.00;;13.40;21.60
17/10/2023 18:00;0.00;1116.00;;13.40;21.60
17/10/2023 17:45;0.00;1113.00;;14.00;22.30
17/10/2023 17:30;0.00;1113.00;;14.00;22.30
17/10/2023 17:15;0.00;1112.00;;14.00;22.30
17/10/2023 17:00;0.00;1108.00;;14.00;22.30
17/10/2023 16:45;0.20;1105.00;;14.30;22.10
17/10/2023 16:30;0.00;1103.00;;14.30;22.10
17/10/2023 16:15;0.00;1099.00;;14.30;22.10
17/10/2023 16:00;0.00;1096.00;;14.30;22.10
17/10/2023 15:45;0.00;1093.00;;14.30;22.20
17/10/2023 15:30;0.00;1088.00;;14.30;22.20
17/10/2023 15:15;0.00;1086.00;;14.30;22.20
17/10/2023 15:00;0.00;1081.00;;14.30;22.20
17/10/2023 14:45;0.00;1075.00;;14.30;22.00
17/10/2023 14:30;0.00;1071.00;;14.30;22.00
17/10/2023 14:15;0.00;1065.00;;14.30;22.00
17/10/2023 14:00;0.00;1062.00;;14.30;22.00
17/10/2023 13:45;0.00;1056.00;;14.40;21.70
17/10/2023 13:30;0.00;1053.00;;14.40;21.70
17/10/2023 13:15;0.00;1050.00;;14.40;21.70
17/10/2023 13:00;0.00;1045.00;;14.40;21.70
17/10/2023 12:45;0.00;1041.00;;14.30;21.20
17/10/2023 12:30;0.00;1037.00;;14.30;21.20
17/10/2023 12:15;0.00;1031.00;;14.30;21.20
17/10/2023 12:00;0.00;1029.00;;14.30;21.20
17/10/2023 11:45;0.00;1024.00;;13.50;20.00
17/10/2023 11:30;0.00;1021.00;;13.50;20.00
17/10/2023 11:15;0.00;1020.00;;13.50;20.00
17/10/2023 11:00;0.00;1013.00;;13.50;20.00
17/10/2023 10:45;0.00;1009.00;;13.40;19.60
17/10/2023 10:30;0.00;1005.00;;13.40;19.60
17/10/2023 10:15;0.00;1002.00;;13.40;19.60
17/10/2023 10:00;0.00;998.00;;13.40;19.60
17/10/2023 09:45;0.00;993.00;;13.20;19.40
17/10/2023 09:30;0.00;989.00;;13.20;19.40
17/10/2023 09:15;0.00;983.00;;13.20;19.40
17/10/2023 09:00;0.00;978.00;;13.20;19.40
17/10/2023 08:45;0.20;969.00;;13.00;19.20
17/10/2023 08:30;0.00;962.00;;13.00;19.20
17/10/2023 08:15;0.00;953.00;;13.00;19.20
17/10/2023 08:00;0.00;945.00;;13.00;19.20
17/10/2023 07:45;0.00;935.00;;12.90;19.00
17/10/2023 07:30;0.00;926.00;;12.90;19.00
17/10/2023 07:15;0.00;917.00;;12.90;19.00
17/10/2023 07:00;0.00;907.00;;12.90;19.00
17/10/2023 06:45;0.00;898.00;;12.80;18.80
17/10/2023 06:30;0.00;886.00;;12.80;18.80
17/10/2023 06:15;0.00;873.00;;12.80;18.80
17/10/2023 06:00;0.00;860.00;;12.80;18.80
17/10/2023 05:45;0.00;842.00;;12.80;18.90
17/10/2023 05:30;0.00;822.00;;12.80;18.90
17/10/2023 05:15;0.00;802.00;;12.80;18.90
17/10/2023 05:00;0.00;779.00;;12.80;18.90
17/10/2023 04:45;0.00;756.00;;12.80;19.00
17/10/2023 04:30;0.00;733.00;;12.80;19.00
17/10/2023 04:15;0.00;715.00;;12.80;19.00
17/10/2023 04:00;0.00;698.00;;12.80;19.00
17/10/2023 03:45;0.00;683.00;;12.80;19.30
17/10/2023 03:30;0.00;669.00;;12.80;19.30
17/10/2023 03:15;0.00;657.00;;12.80;19.30
17/10/2023 03:00;0.00;646.00;;12.80;19.30
17/10/2023 02:45;0.00;636.00;;12.80;19.50
17/10/2023 02:30;0.00;626.00;;12.80;19.50
17/10/2023 02:15;0.00;618.00;;12.80;19.50
17/10/2023 02:00;0.00;610.00;;12.80;19.50
17/10/2023 01:45;0.20;603.00;;12.80;19.80
17/10/2023 01:30;0.00;593.00;;12.80;19.80
17/10/2023 01:15;0.40;586.00;;12.80;19.80
17/10/2023 01:00;0.20;579.00;;12.80;19.80
17/10/2023 00:45;0.60;574.00;;12.90;19.90
17/10/2023 00:30;1.20;570.00;;12.90;19.90
17/10/2023 00:15;0.60;567.00;;12.90;19.90
17/10/2023 00:00;0.60;564.00;;12.90;19.90
16/10/2023 23:45;1.00;562.00;;12.90;20.00
16/10/2023 23:30;1.00;560.00;;12.90;20.00
16/10/2023 23:15;1.80;561.00;;12.90;20.00
16/10/2023 23:00;1.20;558.00;;12.90;20.00
16/10/2023 22:45;1.40;557.00;;12.90;20.00
16/10/2023 22:30;1.80;555.00;;12.90;20.00
16/10/2023 22:15;0.60;554.00;;12.90;20.00
16/10/2023 22:00;2.60;554.00;;12.90;20.00
16/10/2023 20:45;0.00;543.00;;12.90;20.10
16/10/2023 20:30;0.00;545.00;;12.90;20.10
16/10/2023 20:15;0.60;546.00;;12.90;20.10
16/10/2023 20:00;0.80;547.00;;12.90;20.10
16/10/2023 19:45;1.00;547.00;;12.90;20.40
16/10/2023 19:30;1.40;547.00;;12.90;20.40
16/10/2023 19:15;0.60;545.00;;12.90;20.40
16/10/2023 19:00;0.00;547.00;;12.90;20.40
16/10/2023 18:45;1.00;550.00;;12.90;20.50
16/10/2023 18:30;1.20;553.00;;12.90;20.50
16/10/2023 18:15;1.40;550.00;;12.90;20.50
16/10/2023 18:00;1.20;550.00;;12.90;20.50
16/10/2023 17:45;2.00;551.00;;13.00;20.50
16/10/2023 17:30;0.80;550.00;;13.00;20.50
16/10/2023 17:15;0.40;552.00;;13.00;20.50
16/10/2023 17:00;0.60;555.00;;13.00;20.50
16/10/2023 16:45;1.00;555.00;;13.00;20.40
16/10/2023 16:30;1.80;555.00;;13.00;20.40
16/10/2023 16:15;1.60;555.00;;13.00;20.40
16/10/2023 16:00;2.00;556.00;;13.00;20.40
16/10/2023 15:45;3.00;556.00;;13.00;20.40
16/10/2023 15:30;2.40;552.00;;13.00;20.40
16/10/2023 15:15;2.00;551.00;;13.00;20.40
16/10/2023 15:00;1.00;550.00;;13.00;20.40
16/10/2023 14:45;0.80;553.00;;13.10;20.40
16/10/2023 14:30;1.20;553.00;;13.10;20.40
16/10/2023 14:15;1.40;554.00;;13.10;20.40
16/10/2023 14:00;1.40;554.00;;13.10;20.40
16/10/2023 13:45;1.40;554.00;;13.30;20.60
16/10/2023 13:30;1.00;554.00;;13.30;20.60
16/10/2023 13:15;1.40;554.00;;13.30;20.60
16/10/2023 13:00;0.80;553.00;;13.30;20.60
16/10/2023 12:45;0.80;553.00;;13.80;21.00
16/10/2023 12:30;0.20;553.00;;13.80;21.00
16/10/2023 12:15;0.20;553.00;;13.80;21.00
16/10/2023 12:00;0.00;553.00;;13.80;21.00
16/10/2023 11:45;0.00;553.00;;14.40;21.30
16/10/2023 11:30;0.20;553.00;;14.40;21.30
16/10/2023 11:15;0.00;553.00;;14.40;21.30
16/10/2023 11:00;0.00;553.00;;14.40;21.30
16/10/2023 10:45;0.60;553.00;;14.20;21.50
16/10/2023 10:30;0.40;553.00;;14.20;21.50
16/10/2023 10:15;0.00;553.00;;14.20;21.50
16/10/2023 10:00;0.00;553.00;;14.20;21.50
16/10/2023 09:45;0.00;553.00;;14.20;20.90
16/10/2023 09:30;0.00;553.00;;14.20;20.90
16/10/2023 09:15;0.00;553.00;;14.20;20.90
16/10/2023 09:00;0.00;553.00;;14.20;20.90
16/10/2023 08:45;0.00;553.00;;13.10;19.60
16/10/2023 08:30;0.00;553.00;;13.10;19.60
16/10/2023 08:15;0.00;553.00;;13.10;19.60
16/10/2023 08:00;0.00;553.00;;13.10;19.60
16/10/2023 07:45;2.00;555.00;;12.90;19.20
16/10/2023 07:30;2.20;554.00;;12.90;19.20
16/10/2023 07:15;0.00;550.00;;12.90;19.20
16/10/2023 07:00;8.80;557.00;;12.90;19.20
16/10/2023 06:45;2.00;553.00;;12.90;20.40
16/10/2023 06:30;0.00;553.00;;12.90;20.40
16/10/2023 06:15;0.00;553.00;;12.90;20.40
16/10/2023 06:00;0.00;553.00;;12.90;20.40
16/10/2023 05:45;0.00;553.00;;12.90;21.00
16/10/2023 05:30;0.00;553.00;;12.90;21.00
16/10/2023 05:15;0.00;553.00;;12.90;21.00
16/10/2023 05:00;0.00;553.00;;12.90;21.00
16/10/2023 04:45;0.00;553.00;;12.90;21.20
16/10/2023 04:30;0.00;553.00;;12.90;21.20
16/10/2023 04:15;0.00;553.00;;12.90;21.20
16/10/2023 04:00;0.00;553.00;;12.90;21.20
16/10/2023 03:45;0.00;553.00;;12.90;21.20
16/10/2023 03:30;0.00;553.00;;12.90;21.20
16/10/2023 03:15;0.00;553.00;;12.90;21.20
16/10/2023 03:00;0.00;553.00;;12.90;21.20
16/10/2023 02:45;0.00;553.00;;12.90;21.50
16/10/2023 02:30;0.00;530.00;;12.90;21.50
16/10/2023 02:15;0.00;530.00;;12.90;21.50
16/10/2023 02:00;0.00;531.00;;12.90;21.50
16/10/2023 01:45;0.00;531.00;;12.90;22.10
16/10/2023 01:30;0.00;532.00;;12.90;22.10
16/10/2023 01:15;0.00;532.00;;12.90;22.10
16/10/2023 01:00;0.00;533.00;;12.90;22.10
16/10/2023 00:45;0.00;534.00;;12.90;22.80
16/10/2023 00:30;0.00;534.00;;12.90;22.80
16/10/2023 00:15;0.00;535.00;;12.90;22.80
16/10/2023 00:00;0.00;535.00;;12.90;22.80
15/10/2023 23:45;0.00;535.00;;12.90;23.70
15/10/2023 23:30;0.00;536.00;;12.90;23.70
15/10/2023 23:15;0.00;537.00;;12.90;23.70
15/10/2023 23:00;0.00;537.00;;12.90;23.70
15/10/2023 22:45;0.00;538.00;;12.90;23.70
15/10/2023 22:30;0.00;538.00;;12.90;23.70
15/10/2023 22:15;0.00;538.00;;12.90;23.70
15/10/2023 22:00;0.00;539.00;;12.90;23.70
15/10/2023 20:45;0.00;541.00;;13.00;24.40
15/10/2023 20:30;0.00;541.00;;13.00;24.40
15/10/2023 20:15;0.00;541.00;;13.00;24.40
15/10/2023 20:00;0.00;541.00;;13.00;24.40
15/10/2023 19:45;0.00;541.00;;13.10;26.00
15/10/2023 19:30;0.00;541.00;;13.10;26.00
15/10/2023 19:15;0.00;541.00;;13.10;26.00
15/10/2023 19:00;0.00;542.00;;13.10;26.00
15/10/2023 18:45;0.00;542.00;;13.50;28.40
15/10/2023 18:30;0.00;542.00;;13.50;28.40
15/10/2023 18:15;0.00;542.00;;13.50;28.40
15/10/2023 18:00;0.00;542.00;;13.50;28.40
15/10/2023 17:45;0.00;543.00;;13.70;32.80
15/10/2023 17:30;0.00;543.00;;13.70;32.80
15/10/2023 17:15;0.00;543.00;;13.70;32.80
15/10/2023 17:00;0.00;544.00;;13.70;32.80
15/10/2023 16:45;0.00;545.00;;13.70;32.80
15/10/2023 16:30;0.00;546.00;;13.70;32.80
15/10/2023 16:15;0.00;547.00;;13.70;32.80
15/10/2023 16:00;0.00;548.00;;13.70;32.80
15/10/2023 15:45;0.00;549.00;;13.70;31.70
15/10/2023 15:30;0.00;551.00;;13.70;31.70
15/10/2023 15:15;0.00;553.00;;13.70;31.70
15/10/2023 15:00;0.00;555.00;;13.70;31.70
15/10/2023 14:45;0.00;558.00;;13.80;30.90
15/10/2023 14:30;0.00;561.00;;13.80;30.90
15/10/2023 14:15;0.00;563.00;;13.80;30.90
15/10/2023 14:00;0.00;565.00;;13.80;30.90
15/10/2023 13:45;0.00;567.00;;14.10;28.60
15/10/2023 13:30;0.00;568.00;;14.10;28.60
15/10/2023 13:15;0.00;569.00;;14.10;28.60
15/10/2023 13:00;0.00;570.00;;14.10;28.60
15/10/2023 12:45;0.00;571.00;;14.20;27.20
15/10/2023 12:30;0.00;572.00;;14.20;27.20
15/10/2023 12:15;0.00;573.00;;14.20;27.20
15/10/2023 12:00;0.00;574.00;;14.20;27.20
15/10/2023 11:45;0.00;575.00;;14.20;25.20
15/10/2023 11:30;0.00;576.00;;14.20;25.20
15/10/2023 11:15;0.00;577.00;;14.20;25.20
15/10/2023 11:00;0.00;577.00;;14.20;25.20
15/10/2023 10:45;0.00;578.00;;14.20;24.20
15/10/2023 10:30;0.00;579.00;;14.20;24.20
15/10/2023 10:15;0.00;580.00;;14.20;24.20
15/10/2023 10:00;0.00;581.00;;14.20;24.20
15/10/2023 09:45;0.00;582.00;;14.40;19.70
15/10/2023 09:30;0.00;583.00;;14.40;19.70
15/10/2023 09:15;0.00;584.00;;14.40;19.70
15/10/2023 09:00;0.00;585.00;;14.40;19.70
15/10/2023 08:45;0.00;586.00;;13.90;16.20
15/10/2023 08:30;0.00;586.00;;13.90;16.20
15/10/2023 08:15;0.00;588.00;;13.90;16.20
15/10/2023 08:00;0.00;589.00;;13.90;16.20
15/10/2023 07:45;0.00;590.00;;12.90;14.50
15/10/2023 07:30;0.00;591.00;;12.90;14.50
15/10/2023 07:15;0.00;592.00;;12.90;14.50
15/10/2023 07:00;0.00;593.00;;12.90;14.50
15/10/2023 06:45;0.00;594.00;;12.80;14.20
15/10/2023 06:30;0.00;595.00;;12.80;14.20
15/10/2023 06:15;0.00;596.00;;12.80;14.20
15/10/2023 06:00;0.00;596.00;;12.80;14.20
15/10/2023 05:45;0.00;598.00;;12.80;14.30
15/10/2023 05:30;0.00;599.00;;12.80;14.30
15/10/2023 05:15;0.00;599.00;;12.80;14.30
15/10/2023 05:00;0.00;601.00;;12.80;14.30
15/10/2023 04:45;0.00;602.00;;12.80;14.10
15/10/2023 04:30;0.00;603.00;;12.80;14.10
15/10/2023 04:15;0.00;604.00;;12.80;14.10
15/10/2023 04:00;0.00;605.00;;12.80;14.10
15/10/2023 03:45;0.00;606.00;;12.90;14.10
15/10/2023 03:30;0.00;607.00;;12.90;14.10
15/10/2023 03:15;0.00;609.00;;12.90;14.10
15/10/2023 03:00;0.00;610.00;;12.90;14.10
15/10/2023 02:45;0.00;611.00;;12.90;14.50
15/10/2023 02:30;0.00;612.00;;12.90;14.50
15/10/2023 02:15;0.00;614.00;;12.90;14.50
15/10/2023 02:00;0.00;614.00;;12.90;14.50
15/10/2023 01:45;0.00;616.00;;12.90;15.00
15/10/2023 01:30;0.00;616.00;;12.90;15.00
15/10/2023 01:15;0.00;618.00;;12.90;15.00
15/10/2023 01:00;0.00;618.00;;12.90;15.00
15/10/2023 00:45;0.00;620.00;;12.90;15.80
15/10/2023 00:30;0.00;621.00;;12.90;15.80
15/10/2023 00:15;0.00;622.00;;12.90;15.80
15/10/2023 00:00;0.00;624.00;;12.90;15.80
14/10/2023 23:45;0.00;625.00;;12.90;16.80
14/10/2023 23:30;0.00;626.00;;12.90;16.80
14/10/2023 23:15;0.00;627.00;;12.90;16.80
14/10/2023 23:00;0.00;629.00;;12.90;16.80
14/10/2023 22:45;0.00;630.00;;12.90;18.00
14/10/2023 22:30;0.00;631.00;;12.90;18.00
14/10/2023 22:15;0.00;632.00;;12.90;18.00
14/10/2023 22:00;0.00;634.00;;12.90;18.00
14/10/2023 21:45;0.00;636.00;;13.00;19.40
14/10/2023 21:30;0.00;637.00;;13.00;19.40
14/10/2023 21:15;0.00;639.00;;13.00;19.40
14/10/2023 21:00;0.00;640.00;;13.00;19.40
14/10/2023 20:45;0.00;640.00;;13.00;20.90
14/10/2023 20:30;0.00;641.00;;13.00;20.90
14/10/2023 20:15;0.00;643.00;;13.00;20.90
14/10/2023 20:00;0.00;644.00;;13.00;20.90
14/10/2023 19:45;0.00;646.00;;13.10;23.80
14/10/2023 19:30;0.00;646.00;;13.10;23.80
14/10/2023 19:15;0.00;648.00;;13.10;23.80
14/10/2023 19:00;0.00;650.00;;13.10;23.80
14/10/2023 18:45;0.00;651.00;;13.60;27.30
14/10/2023 18:30;0.00;652.00;;13.60;27.30
14/10/2023 18:15;0.00;654.00;;13.60;27.30
14/10/2023 18:00;0.00;656.00;;13.60;27.30
14/10/2023 17:45;0.00;656.00;;13.80;29.40
14/10/2023 17:30;0.00;657.00;;13.80;29.40
14/10/2023 17:15;0.00;660.00;;13.80;29.40
14/10/2023 17:00;0.00;660.00;;13.80;29.40
14/10/2023 16:45;0.00;662.00;;13.80;29.90
14/10/2023 16:30;0.00;664.00;;13.80;29.90
14/10/2023 16:15;0.00;664.00;;13.80;29.90
14/10/2023 16:00;0.00;666.00;;13.80;29.90
14/10/2023 15:45;0.00;667.00;;13.80;29.00
14/10/2023 15:30;0.00;668.00;;13.80;29.00
14/10/2023 15:15;0.00;670.00;;13.80;29.00
14/10/2023 15:00;0.00;672.00;;13.80;29.00
14/10/2023 14:45;0.00;673.00;;13.90;27.80
14/10/2023 14:30;0.00;674.00;;13.90;27.80
14/10/2023 14:15;0.00;676.00;;13.90;27.80
14/10/2023 14:00;0.00;677.00;;13.90;27.80
14/10/2023 13:45;0.00;678.00;;14.20;25.90
14/10/2023 13:30;0.00;679.00;;14.20;25.90
14/10/2023 13:15;0.00;679.00;;14.20;25.90
14/10/2023 13:00;0.00;681.00;;14.20;25.90
14/10/2023 12:45;0.00;682.00;;14.20;24.30
14/10/2023 12:30;0.00;683.00;;14.20;24.30
14/10/2023 12:15;0.00;683.00;;14.20;24.30
14/10/2023 12:00;0.00;683.00;;14.20;24.30
14/10/2023 11:45;0.00;683.00;;14.30;22.20
14/10/2023 11:30;0.00;683.00;;14.30;22.20
14/10/2023 11:15;0.00;683.00;;14.30;22.20
14/10/2023 11:00;0.00;683.00;;14.30;22.20
14/10/2023 10:45;0.00;683.00;;14.40;20.10
14/10/2023 10:30;0.00;682.00;;14.40;20.10
14/10/2023 10:15;0.00;682.00;;14.40;20.10
14/10/2023 10:00;0.00;681.00;;14.40;20.10
14/10/2023 09:45;0.00;679.00;;14.60;14.90
14/10/2023 09:30;0.00;677.00;;14.60;14.90
14/10/2023 09:15;0.00;676.00;;14.60;14.90
14/10/2023 09:00;0.00;675.00;;14.60;14.90
14/10/2023 08:45;0.00;675.00;;13.40;11.90
14/10/2023 08:30;0.00;673.00;;13.40;11.90
14/10/2023 08:15;0.00;673.00;;13.40;11.90
14/10/2023 08:00;0.00;673.00;;13.40;11.90
14/10/2023 07:45;0.00;675.00;;12.90;11.10
14/10/2023 07:30;0.00;677.00;;12.90;11.10
14/10/2023 07:15;0.00;680.00;;12.90;11.10
14/10/2023 07:00;0.00;684.00;;12.90;11.10
14/10/2023 06:45;0.00;689.00;;12.80;11.20
14/10/2023 06:30;0.00;696.00;;12.80;11.20
14/10/2023 06:15;0.00;703.00;;12.80;11.20
14/10/2023 06:00;0.00;710.00;;12.80;11.20
14/10/2023 05:45;0.00;718.00;;12.80;11.30
14/10/2023 05:30;0.00;727.00;;12.80;11.30
14/10/2023 05:15;0.00;733.00;;12.80;11.30
14/10/2023 05:00;0.00;741.00;;12.80;11.30
14/10/2023 04:45;0.00;747.00;;12.80;11.30
14/10/2023 04:30;0.00;752.00;;12.80;11.30
14/10/2023 04:15;0.00;755.00;;12.80;11.30
14/10/2023 04:00;0.00;758.00;;12.80;11.30
14/10/2023 03:45;0.00;761.00;;12.90;11.30
14/10/2023 03:30;0.00;762.00;;12.90;11.30
14/10/2023 03:15;0.00;764.00;;12.90;11.30
14/10/2023 03:00;0.00;764.00;;12.90;11.30
14/10/2023 02:45;0.00;766.00;;12.90;11.50
14/10/2023 02:30;0.00;767.00;;12.90;11.50
14/10/2023 02:15;0.00;768.00;;12.90;11.50
14/10/2023 02:00;0.00;768.00;;12.90;11.50
14/10/2023 01:45;0.00;770.00;;12.90;11.50
14/10/2023 01:30;0.00;770.00;;12.90;11.50
14/10/2023 01:15;0.00;771.00;;12.90;11.50
14/10/2023 01:00;0.00;773.00;;12.90;11.50
14/10/2023 00:45;0.00;774.00;;12.90;11.60
14/10/2023 00:30;0.00;775.00;;12.90;11.60
14/10/2023 00:15;0.00;776.00;;12.90;11.60
14/10/2023 00:00;0.00;777.00;;12.90;11.60
13/10/2023 23:45;0.00;779.00;;12.90;12.20
13/10/2023 23:30;0.00;783.00;;12.90;12.20
13/10/2023 23:15;0.00;786.00;;12.90;12.20
13/10/2023 23:00;0.00;790.00;;12.90;12.20
13/10/2023 22:45;0.00;796.00;;12.90;12.90
13/10/2023 22:30;0.00;803.00;;12.90;12.90
13/10/2023 22:15;0.00;811.00;;12.90;12.90
13/10/2023 22:00;0.00;819.00;;12.90;12.90
13/10/2023 21:45;0.00;834.00;;13.00;13.90
13/10/2023 21:30;0.00;840.00;;13.00;13.90
13/10/2023 21:15;0.00;842.00;;13.00;13.90
13/10/2023 21:00;0.00;846.00;;13.00;13.90
13/10/2023 20:45;0.00;846.00;;13.00;15.40
13/10/2023 20:30;0.00;850.00;;13.00;15.40
13/10/2023 20:15;0.00;853.00;;13.00;15.40
13/10/2023 20:00;0.00;856.00;;13.00;15.40
13/10/2023 19:45;0.00;859.00;;13.30;17.70
13/10/2023 19:30;0.00;863.00;;13.30;17.70
13/10/2023 19:15;0.00;866.00;;13.30;17.70
13/10/2023 19:00;0.00;870.00;;13.30;17.70
13/10/2023 18:45;0.00;872.00;;13.80;19.90
13/10/2023 18:30;0.00;876.00;;13.80;19.90
13/10/2023 18:15;0.00;880.00;;13.80;19.90
13/10/2023 18:00;0.00;884.00;;13.80;19.90
13/10/2023 17:45;0.00;887.00;;14.10;21.60
13/10/2023 17:30;0.00;890.00;;14.10;21.60
13/10/2023 17:15;0.00;894.00;;14.10;21.60
13/10/2023 17:00;0.00;898.00;;14.10;21.60
13/10/2023 16:45;0.00;902.00;;14.10;22.10
13/10/2023 16:30;0.00;906.00;;14.10;22.10
13/10/2023 16:15;0.00;911.00;;14.10;22.10
13/10/2023 16:00;0.00;913.00;;14.10;22.10
13/10/2023 15:45;0.00;919.00;;14.10;21.90
13/10/2023 15:30;0.00;922.00;;14.10;21.90
13/10/2023 15:15;0.00;926.00;;14.10;21.90
13/10/2023 15:00;0.00;930.00;;14.10;21.90
13/10/2023 14:45;0.00;933.00;;14.10;20.80
13/10/2023 14:30;0.00;938.00;;14.10;20.80
13/10/2023 14:15;0.00;940.00;;14.10;20.80
13/10/2023 14:00;0.00;943.00;;14.10;20.80
13/10/2023 13:45;0.00;950.00;;14.50;18.40
13/10/2023 13:30;0.00;951.00;;14.50;18.40
13/10/2023 13:15;0.00;956.00;;14.50;18.40
13/10/2023 13:00;0.00;962.00;;14.50;18.40
13/10/2023 12:45;0.00;964.00;;14.50;18.40
13/10/2023 12:30;0.00;969.00;;14.50;18.40
13/10/2023 12:15;0.00;973.00;;14.50;18.40
13/10/2023 12:00;0.00;977.00;;14.50;18.40
13/10/2023 11:45;0.00;980.00;;14.50;16.40
13/10/2023 11:30;0.00;986.00;;14.50;16.40
13/10/2023 11:15;0.00;989.00;;14.50;16.40
13/10/2023 11:00;0.00;994.00;;14.50;16.40
13/10/2023 10:45;0.00;999.00;;14.50;15.70
13/10/2023 10:30;0.00;1002.00;;14.50;15.70
13/10/2023 10:15;0.00;1006.00;;14.50;15.70
13/10/2023 10:00;0.00;1011.00;;14.50;15.70
13/10/2023 09:45;0.00;1014.00;;14.60;15.20
13/10/2023 09:30;0.00;1019.00;;14.60;15.20
13/10/2023 09:15;0.00;1022.00;;14.60;15.20
13/10/2023 09:00;0.00;1026.00;;14.60;15.20
13/10/2023 08:45;0.00;1031.00;;13.60;13.90
13/10/2023 08:30;0.00;1037.00;;13.60;13.90
13/10/2023 08:15;0.00;1040.00;;13.60;13.90
13/10/2023 08:00;0.00;1045.00;;13.60;13.90
13/10/2023 07:45;0.00;1049.00;;12.90;12.70
13/10/2023 07:30;0.00;1054.00;;12.90;12.70
13/10/2023 07:15;0.00;1057.00;;12.90;12.70
13/10/2023 07:00;0.00;1062.00;;12.90;12.70
13/10/2023 06:45;0.00;1066.00;;12.80;12.40
13/10/2023 06:30;0.00;1071.00;;12.80;12.40
13/10/2023 06:15;0.00;1075.00;;12.80;12.40
13/10/2023 06:00;0.00;1077.00;;12.80;12.40
13/10/2023 05:45;0.00;1083.00;;12.80;12.50
13/10/2023 05:30;0.00;1086.00;;12.80;12.50
13/10/2023 05:15;0.00;1090.00;;12.80;12.50
13/10/2023 05:00;0.00;1094.00;;12.80;12.50
13/10/2023 04:45;0.00;1097.00;;12.80;12.90
13/10/2023 04:30;0.00;1103.00;;12.80;12.90
13/10/2023 04:15;0.00;1106.00;;12.80;12.90
13/10/2023 04:00;0.00;1111.00;;12.80;12.90
13/10/2023 03:45;0.00;1113.00;;12.90;13.10
13/10/2023 03:30;0.00;1116.00;;12.90;13.10
13/10/2023 03:15;0.00;1120.00;;12.90;13.10
13/10/2023 03:00;0.00;1123.00;;12.90;13.10
13/10/2023 02:45;0.00;1126.00;;12.90;13.20
13/10/2023 02:30;0.00;1129.00;;12.90;13.20
13/10/2023 02:15;0.00;1132.00;;12.90;13.20
13/10/2023 02:00;0.00;1134.00;;12.90;13.20
13/10/2023 01:45;0.00;1137.00;;12.90;13.60
13/10/2023 01:30;0.00;1139.00;;12.90;13.60
13/10/2023 01:15;0.00;1142.00;;12.90;13.60
13/10/2023 01:00;0.00;1145.00;;12.90;13.60
13/10/2023 00:45;0.00;1147.00;;12.90;13.60
13/10/2023 00:30;0.00;1150.00;;12.90;13.60
13/10/2023 00:15;0.00;1151.00;;12.90;13.60
13/10/2023 00:00;0.00;1152.00;;12.90;13.60
12/10/2023 23:45;0.00;1155.00;;12.90;13.80
12/10/2023 23:30;0.00;1157.00;;12.90;13.80
12/10/2023 23:15;0.00;1157.00;;12.90;13.80
12/10/2023 23:00;0.00;1159.00;;12.90;13.80
12/10/2023 22:45;0.00;1160.00;;12.90;14.10
12/10/2023 22:30;0.00;1161.00;;12.90;14.10
12/10/2023 22:15;0.00;1161.00;;12.90;14.10
12/10/2023 22:00;0.00;1159.00;;12.90;14.10
12/10/2023 21:45;0.00;1160.00;;13.00;14.40
12/10/2023 21:30;0.00;1160.00;;13.00;14.40
12/10/2023 21:15;0.00;1159.00;;13.00;14.40
12/10/2023 21:00;0.00;1157.00;;13.00;14.40
12/10/2023 20:45;0.00;1157.00;;13.00;14.80
12/10/2023 20:30;0.00;1156.00;;13.00;14.80
12/10/2023 20:15;0.00;1155.00;;13.00;14.80
12/10/2023 20:00;0.00;1154.00;;13.00;14.80
12/10/2023 19:45;0.00;1151.00;;13.20;15.30
12/10/2023 19:30;0.00;1149.00;;13.20;15.30
12/10/2023 19:15;0.00;1145.00;;13.20;15.30
12/10/2023 19:00;0.00;1144.00;;13.20;15.30
12/10/2023 18:45;0.00;1141.00;;13.80;15.90
12/10/2023 18:30;0.00;1138.00;;13.80;15.90
12/10/2023 18:15;0.00;1137.00;;13.80;15.90
12/10/2023 18:00;0.00;1134.00;;13.80;15.90
12/10/2023 17:45;0.00;1128.00;;13.90;16.90
12/10/2023 17:30;0.00;1124.00;;13.90;16.90
12/10/2023 17:15;0.00;1120.00;;13.90;16.90
12/10/2023 17:00;0.00;1114.00;;13.90;16.90
12/10/2023 16:45;0.00;1110.00;;14.20;17.30
12/10/2023 16:30;0.00;1106.00;;14.20;17.30
12/10/2023 16:15;0.00;1100.00;;14.20;17.30
12/10/2023 16:00;0.00;1094.00;;14.20;17.30
12/10/2023 15:45;0.00;1090.00;;14.50;17.80
12/10/2023 15:30;0.00;1083.00;;14.50;17.80
12/10/2023 15:15;0.00;1077.00;;14.50;17.80
12/10/2023 15:00;0.00;1073.00;;14.50;17.80
12/10/2023 14:45;0.00;1066.00;;14.50;17.50
12/10/2023 14:30;0.00;1060.00;;14.50;17.50
12/10/2023 14:15;0.00;1055.00;;14.50;17.50
12/10/2023 14:00;0.00;1049.00;;14.50;17.50
12/10/2023 13:45;0.00;1042.00;;14.50;17.10
12/10/2023 13:30;0.00;1036.00;;14.50;17.10
12/10/2023 13:15;0.00;1031.00;;14.50;17.10
12/10/2023 13:00;0.00;1025.00;;14.50;17.10
12/10/2023 12:45;0.00;1020.00;;14.50;16.70
12/10/2023 12:30;0.00;1013.00;;14.50;16.70
12/10/2023 12:15;0.00;1008.00;;14.50;16.70
12/10/2023 12:00;0.00;1002.00;;14.50;16.70
12/10/2023 11:45;0.00;996.00;;14.50;15.70
12/10/2023 11:30;0.00;991.00;;14.50;15.70
12/10/2023 11:15;0.00;985.00;;14.50;15.70
12/10/2023 11:00;0.00;979.00;;14.50;15.70
12/10/2023 10:45;0.00;973.00;;14.10;15.40
12/10/2023 10:30;0.00;968.00;;14.10;15.40
12/10/2023 10:15;0.00;961.00;;14.10;15.40
12/10/2023 10:00;0.00;953.00;;14.10;15.40
12/10/2023 09:45;0.00;947.00;;13.50;15.00
12/10/2023 09:30;0.00;941.00;;13.50;15.00
12/10/2023 09:15;0.20;931.00;;13.50;15.00
12/10/2023 09:00;0.00;920.00;;13.50;15.00
12/10/2023 08:45;0.00;910.00;;13.00;14.70
12/10/2023 08:30;0.20;900.00;;13.00;14.70
12/10/2023 08:15;0.20;890.00;;13.00;14.70
12/10/2023 08:00;0.40;879.00;;13.00;14.70
12/10/2023 07:45;1.00;870.00;;12.90;14.60
12/10/2023 07:30;0.80;860.00;;12.90;14.60
12/10/2023 07:15;0.20;853.00;;12.90;14.60
12/10/2023 07:00;0.00;843.00;;12.90;14.60
12/10/2023 06:45;0.20;836.00;;12.80;14.80
12/10/2023 06:30;0.20;826.00;;12.80;14.80
12/10/2023 06:15;0.60;815.00;;12.80;14.80
12/10/2023 06:00;0.40;801.00;;12.80;14.80
12/10/2023 05:45;0.40;788.00;;12.80;15.10
12/10/2023 05:30;1.20;772.00;;12.80;15.10
12/10/2023 05:15;1.00;755.00;;12.80;15.10
12/10/2023 05:00;3.00;738.00;;12.80;15.10
12/10/2023 04:45;0.00;724.00;;12.80;15.50
12/10/2023 04:30;0.20;711.00;;12.80;15.50
12/10/2023 04:15;0.00;700.00;;12.80;15.50
12/10/2023 04:00;0.00;692.00;;12.80;15.50
12/10/2023 03:45;0.00;684.00;;12.80;15.70
12/10/2023 03:30;0.00;677.00;;12.80;15.70
12/10/2023 03:15;0.00;671.00;;12.80;15.70
12/10/2023 03:00;0.40;664.00;;12.80;15.70
12/10/2023 02:45;0.20;659.00;;12.90;15.80
12/10/2023 02:30;0.40;653.00;;12.90;15.80
12/10/2023 02:15;0.00;649.00;;12.90;15.80
12/10/2023 02:00;0.00;644.00;;12.90;15.80
12/10/2023 01:45;0.00;639.00;;12.90;16.00
12/10/2023 01:30;0.20;634.00;;12.90;16.00
12/10/2023 01:15;0.00;630.00;;12.90;16.00
12/10/2023 01:00;0.00;625.00;;12.90;16.00
12/10/2023 00:45;0.00;621.00;;12.90;16.30
12/10/2023 00:30;0.00;616.00;;12.90;16.30
12/10/2023 00:15;0.00;612.00;;12.90;16.30
12/10/2023 00:00;0.00;608.00;;12.90;16.30
11/10/2023 23:45;0.00;604.00;;12.90;16.50
11/10/2023 23:30;0.00;601.00;;12.90;16.50
11/10/2023 23:15;0.00;596.00;;12.90;16.50
11/10/2023 23:00;0.20;592.00;;12.90;16.50
11/10/2023 22:45;0.00;589.00;;12.90;16.90
11/10/2023 22:30;0.00;586.00;;12.90;16.90
11/10/2023 22:15;0.00;583.00;;12.90;16.90
11/10/2023 22:00;0.00;580.00;;12.90;16.90
11/10/2023 21:45;0.00;573.00;;12.90;17.60
11/10/2023 21:30;0.00;570.00;;12.90;17.60
11/10/2023 21:15;0.20;567.00;;12.90;17.60
11/10/2023 21:00;0.00;566.00;;12.90;17.60
11/10/2023 20:45;0.00;566.00;;13.00;18.60
11/10/2023 20:30;0.40;564.00;;13.00;18.60
11/10/2023 20:15;1.00;562.00;;13.00;18.60
11/10/2023 20:00;0.00;561.00;;13.00;18.60
11/10/2023 19:45;0.00;557.00;;13.10;19.70
11/10/2023 19:30;0.00;554.00;;13.10;19.70
11/10/2023 19:15;0.00;553.00;;13.10;19.70
11/10/2023 19:00;0.40;555.00;;13.10;19.70
11/10/2023 18:45;1.00;554.00;;13.50;19.80
11/10/2023 18:30;0.80;554.00;;13.50;19.80
11/10/2023 18:15;0.60;554.00;;13.50;19.80
11/10/2023 18:00;0.80;554.00;;13.50;19.80
11/10/2023 17:45;0.60;554.00;;13.90;19.90
11/10/2023 17:30;0.40;554.00;;13.90;19.90
11/10/2023 17:15;0.40;554.00;;13.90;19.90
11/10/2023 17:00;0.00;554.00;;13.90;19.90
11/10/2023 16:45;0.00;554.00;;14.30;19.80
11/10/2023 16:30;0.20;554.00;;14.30;19.80
11/10/2023 16:15;0.20;542.00;;14.30;19.80
11/10/2023 16:00;0.40;543.00;;14.30;19.80
11/10/2023 15:45;0.80;543.00;;14.00;19.60
11/10/2023 15:30;1.00;545.00;;14.00;19.60
11/10/2023 15:15;0.80;545.00;;14.00;19.60
11/10/2023 15:00;0.80;544.00;;14.00;19.60
11/10/2023 14:45;1.20;547.00;;14.10;19.40
11/10/2023 14:30;1.80;547.00;;14.10;19.40
11/10/2023 14:15;1.60;545.00;;14.10;19.40
11/10/2023 14:00;0.20;545.00;;14.10;19.40
11/10/2023 13:45;0.60;545.00;;13.30;19.30
11/10/2023 13:30;2.00;548.00;;13.30;19.30
11/10/2023 13:15;1.20;547.00;;13.30;19.30
11/10/2023 13:00;0.80;548.00;;13.30;19.30
11/10/2023 12:45;1.60;550.00;;13.10;19.30
11/10/2023 12:30;2.20;551.00;;13.10;19.30
11/10/2023 12:15;2.00;551.00;;13.10;19.30
11/10/2023 12:00;1.80;552.00;;13.10;19.30
11/10/2023 11:45;1.80;551.00;;13.10;19.50
11/10/2023 11:30;2.00;552.00;;13.10;19.50
11/10/2023 11:15;2.40;552.00;;13.10;19.50
11/10/2023 11:00;6.00;554.00;;13.10;19.50
11/10/2023 10:45;0.00;554.00;;13.40;20.50
11/10/2023 10:30;0.00;554.00;;13.40;20.50
11/10/2023 10:15;0.00;554.00;;13.40;20.50
11/10/2023 10:00;0.00;554.00;;13.40;20.50
11/10/2023 09:45;0.00;554.00;;14.20;20.80
11/10/2023 09:30;0.00;554.00;;14.20;20.80
11/10/2023 09:15;0.00;554.00;;14.20;20.80
11/10/2023 09:00;0.00;554.00;;14.20;20.80
11/10/2023 08:45;0.00;554.00;;13.40;20.40
11/10/2023 08:30;0.00;554.00;;13.40;20.40
11/10/2023 08:15;0.00;554.00;;13.40;20.40
11/10/2023 08:00;0.00;554.00;;13.40;20.40
11/10/2023 07:45;0.00;554.00;;12.90;19.70
11/10/2023 07:30;0.00;554.00;;12.90;19.70
11/10/2023 07:15;0.00;554.00;;12.90;19.70
11/10/2023 07:00;0.00;535.00;;12.90;19.70
11/10/2023 06:45;0.00;536.00;;12.90;19.80
11/10/2023 06:30;0.00;537.00;;12.90;19.80
11/10/2023 06:15;0.00;537.00;;12.90;19.80
11/10/2023 06:00;0.00;538.00;;12.90;19.80
11/10/2023 05:45;0.00;539.00;;12.90;20.00
11/10/2023 05:30;0.00;539.00;;12.90;20.00
11/10/2023 05:15;0.00;540.00;;12.90;20.00
11/10/2023 05:00;0.00;541.00;;12.90;20.00
11/10/2023 04:45;0.00;541.00;;12.90;20.10
11/10/2023 04:30;0.00;541.00;;12.90;20.10
11/10/2023 04:15;0.00;542.00;;12.90;20.10
11/10/2023 04:00;0.00;543.00;;12.90;20.10
11/10/2023 03:45;0.00;544.00;;12.90;20.90
11/10/2023 03:30;0.00;545.00;;12.90;20.90
11/10/2023 03:15;0.00;545.00;;12.90;20.90
11/10/2023 03:00;0.00;546.00;;12.90;20.90
11/10/2023 02:45;0.00;547.00;;12.90;21.70
11/10/2023 02:30;0.00;548.00;;12.90;21.70
11/10/2023 02:15;0.00;549.00;;12.90;21.70
11/10/2023 02:00;0.00;549.00;;12.90;21.70
11/10/2023 01:45;0.00;550.00;;12.90;22.50
11/10/2023 01:30;0.00;551.00;;12.90;22.50
11/10/2023 01:15;0.00;552.00;;12.90;22.50
11/10/2023 01:00;0.00;553.00;;12.90;22.50
11/10/2023 00:45;0.00;553.00;;12.90;22.30
11/10/2023 00:30;0.00;554.00;;12.90;22.30
11/10/2023 00:15;0.00;555.00;;12.90;22.30
11/10/2023 00:00;0.00;557.00;;12.90;22.30
10/10/2023 23:45;0.00;558.00;;12.90;22.10
10/10/2023 23:30;0.00;559.00;;12.90;22.10
10/10/2023 23:15;0.00;560.00;;12.90;22.10
10/10/2023 23:00;0.00;561.00;;12.90;22.10
10/10/2023 22:45;0.00;562.00;;13.00;21.00
10/10/2023 22:30;0.00;562.00;;13.00;21.00
10/10/2023 22:15;0.00;563.00;;13.00;21.00
10/10/2023 22:00;0.00;564.00;;13.00;21.00
10/10/2023 21:45;0.00;566.00;;13.00;22.00
10/10/2023 21:30;0.00;566.00;;13.00;22.00
10/10/2023 21:15;0.00;567.00;;13.00;22.00
10/10/2023 21:00;0.00;568.00;;13.00;22.00
10/10/2023 20:45;0.00;569.00;;13.00;22.00
10/10/2023 20:30;0.00;570.00;;13.00;22.00
10/10/2023 20:15;0.00;571.00;;13.00;22.00
10/10/2023 20:00;0.00;572.00;;13.00;22.00
10/10/2023 19:45;0.00;572.00;;13.10;27.50
10/10/2023 19:30;0.00;573.00;;13.10;27.50
10/10/2023 19:15;0.00;574.00;;13.10;27.50
10/10/2023 19:00;0.00;575.00;;13.10;27.50
10/10/2023 18:45;0.00;575.00;;13.50;33.20
10/10/2023 18:30;0.00;575.00;;13.50;33.20
10/10/2023 18:15;0.00;576.00;;13.50;33.20
10/10/2023 18:00;0.00;577.00;;13.50;33.20
10/10/2023 17:45;0.00;578.00;;13.70;34.60
10/10/2023 17:30;0.00;578.00;;13.70;34.60
10/10/2023 17:15;0.00;579.00;;13.70;34.60
10/10/2023 17:00;0.00;581.00;;13.70;34.60
10/10/2023 16:45;0.00;582.00;;13.70;34.80
10/10/2023 16:30;0.00;583.00;;13.70;34.80
10/10/2023 16:15;0.00;583.00;;13.70;34.80
10/10/2023 16:00;0.00;585.00;;13.70;34.80
10/10/2023 15:45;0.00;585.00;;13.70;34.00
10/10/2023 15:30;0.00;587.00;;13.70;34.00
10/10/2023 15:15;0.00;588.00;;13.70;34.00
10/10/2023 15:00;0.00;590.00;;13.70;34.00
10/10/2023 14:45;0.00;590.00;;14.00;33.00
10/10/2023 14:30;0.00;591.00;;14.00;33.00
10/10/2023 14:15;0.00;593.00;;14.00;33.00
10/10/2023 14:00;0.00;593.00;;14.00;33.00
10/10/2023 13:45;0.00;594.00;;14.10;31.80
10/10/2023 13:30;0.00;596.00;;14.10;31.80
10/10/2023 13:15;0.00;596.00;;14.10;31.80
10/10/2023 13:00;0.00;597.00;;14.10;31.80
10/10/2023 12:45;0.00;598.00;;14.10;29.50
10/10/2023 12:30;0.00;599.00;;14.10;29.50
10/10/2023 12:15;0.00;600.00;;14.10;29.50
10/10/2023 12:00;0.00;601.00;;14.10;29.50
10/10/2023 11:45;0.00;603.00;;14.20;27.10
10/10/2023 11:30;0.00;603.00;;14.20;27.10
10/10/2023 11:15;0.00;605.00;;14.20;27.10
10/10/2023 11:00;0.00;606.00;;14.20;27.10
10/10/2023 10:45;0.00;607.00;;14.20;24.30
10/10/2023 10:30;0.00;608.00;;14.20;24.30
10/10/2023 10:15;0.00;609.00;;14.20;24.30
10/10/2023 10:00;0.00;610.00;;14.20;24.30
10/10/2023 09:45;0.00;611.00;;14.50;19.50
10/10/2023 09:30;0.00;612.00;;14.50;19.50
10/10/2023 09:15;0.00;613.00;;14.50;19.50
10/10/2023 09:00;0.00;614.00;;14.50;19.50
10/10/2023 08:45;0.00;614.00;;13.80;14.90
10/10/2023 08:30;0.00;616.00;;13.80;14.90
10/10/2023 08:15;0.00;616.00;;13.80;14.90
10/10/2023 08:00;0.00;618.00;;13.80;14.90
10/10/2023 07:45;0.00;618.00;;12.90;13.70
10/10/2023 07:30;0.00;620.00;;12.90;13.70
10/10/2023 07:15;0.00;621.00;;12.90;13.70
10/10/2023 07:00;0.00;622.00;;12.90;13.70
10/10/2023 06:45;0.00;624.00;;12.90;13.80
10/10/2023 06:30;0.00;625.00;;12.90;13.80
10/10/2023 06:15;0.00;627.00;;12.90;13.80
10/10/2023 06:00;0.00;629.00;;12.90;13.80
10/10/2023 05:45;0.00;630.00;;12.90;14.50
10/10/2023 05:30;0.00;632.00;;12.90;14.50
10/10/2023 05:15;0.00;634.00;;12.90;14.50
10/10/2023 05:00;0.00;636.00;;12.90;14.50
10/10/2023 04:45;0.00;637.00;;12.90;14.90
10/10/2023 04:30;0.00;639.00;;12.90;14.90
10/10/2023 04:15;0.00;640.00;;12.90;14.90
10/10/2023 04:00;0.00;643.00;;12.90;14.90
10/10/2023 03:45;0.00;643.00;;12.90;15.20
10/10/2023 03:30;0.00;644.00;;12.90;15.20
10/10/2023 03:15;0.00;646.00;;12.90;15.20
10/10/2023 03:00;0.00;647.00;;12.90;15.20
10/10/2023 02:45;0.00;649.00;;12.90;15.40
10/10/2023 02:30;0.00;650.00;;12.90;15.40
10/10/2023 02:15;0.00;651.00;;12.90;15.40
10/10/2023 02:00;0.00;652.00;;12.90;15.40
10/10/2023 01:45;0.00;654.00;;12.90;15.50
10/10/2023 01:30;0.00;655.00;;12.90;15.50
10/10/2023 01:15;0.00;656.00;;12.90;15.50
10/10/2023 01:00;0.00;657.00;;12.90;15.50
10/10/2023 00:45;0.00;659.00;;12.90;15.30
10/10/2023 00:30;0.00;660.00;;12.90;15.30
10/10/2023 00:15;0.00;661.00;;12.90;15.30
10/10/2023 00:00;0.00;662.00;;12.90;15.30
09/10/2023 23:45;0.00;664.00;;12.90;15.70
09/10/2023 23:30;0.00;666.00;;12.90;15.70
09/10/2023 23:15;0.00;667.00;;12.90;15.70
09/10/2023 23:00;0.00;669.00;;12.90;15.70
09/10/2023 22:45;0.00;669.00;;13.00;16.50
09/10/2023 22:30;0.00;671.00;;13.00;16.50
09/10/2023 22:15;0.00;672.00;;13.00;16.50
09/10/2023 22:00;0.00;672.00;;13.00;16.50
09/10/2023 21:45;0.00;674.00;;13.00;17.50
09/10/2023 21:30;0.00;675.00;;13.00;17.50
09/10/2023 21:15;0.00;678.00;;13.00;17.50
09/10/2023 21:00;0.00;678.00;;13.00;17.50
09/10/2023 20:45;0.00;679.00;;13.00;19.10
09/10/2023 20:30;0.00;680.00;;13.00;19.10
09/10/2023 20:15;0.00;681.00;;13.00;19.10
09/10/2023 20:00;0.00;683.00;;13.00;19.10
09/10/2023 19:45;0.00;684.00;;13.20;21.40
09/10/2023 19:30;0.00;686.00;;13.20;21.40
09/10/2023 19:15;0.00;687.00;;13.20;21.40
09/10/2023 19:00;0.00;688.00;;13.20;21.40
09/10/2023 18:45;0.00;690.00;;13.70;23.90
09/10/2023 18:30;0.00;692.00;;13.70;23.90
09/10/2023 18:15;0.00;693.00;;13.70;23.90
09/10/2023 18:00;0.00;693.00;;13.70;23.90
09/10/2023 17:45;0.00;694.00;;13.80;24.60
09/10/2023 17:30;0.00;695.00;;13.80;24.60
09/10/2023 17:15;0.00;695.00;;13.80;24.60
09/10/2023 17:00;0.00;696.00;;13.80;24.60
09/10/2023 16:45;0.00;697.00;;13.90;26.10
09/10/2023 16:30;0.00;698.00;;13.90;26.10
09/10/2023 16:15;0.00;700.00;;13.90;26.10
09/10/2023 16:00;0.00;702.00;;13.90;26.10
09/10/2023 15:45;0.00;703.00;;13.90;25.70
09/10/2023 15:30;0.00;707.00;;13.90;25.70
09/10/2023 15:15;0.00;710.00;;13.90;25.70
09/10/2023 15:00;0.00;714.00;;13.90;25.70
09/10/2023 14:45;0.00;718.00;;13.90;25.80
09/10/2023 14:30;0.00;723.00;;13.90;25.80
09/10/2023 14:15;0.00;726.00;;13.90;25.80
09/10/2023 14:00;0.00;730.00;;13.90;25.80
09/10/2023 13:45;0.00;733.00;;14.30;23.80
09/10/2023 13:30;0.00;737.00;;14.30;23.80
09/10/2023 13:15;0.00;740.00;;14.30;23.80
09/10/2023 13:00;0.00;740.00;;14.30;23.80
09/10/2023 12:45;0.00;740.00;;14.30;22.50
09/10/2023 12:30;0.00;741.00;;14.30;22.50
09/10/2023 12:15;0.00;742.00;;14.30;22.50
09/10/2023 12:00;0.00;745.00;;14.30;22.50
09/10/2023 11:45;0.00;745.00;;14.40;20.70
09/10/2023 11:30;0.00;747.00;;14.40;20.70
09/10/2023 11:15;0.00;747.00;;14.40;20.70
09/10/2023 11:00;0.00;748.00;;14.40;20.70
09/10/2023 10:45;0.00;749.00;;14.40;20.40
09/10/2023 10:30;0.00;751.00;;14.40;20.40
09/10/2023 10:15;0.00;752.00;;14.40;20.40
09/10/2023 10:00;0.00;753.00;;14.40;20.40
09/10/2023 09:45;0.00;754.00;;14.40;19.40
09/10/2023 09:30;0.00;756.00;;14.40;19.40
09/10/2023 09:15;0.00;758.00;;14.40;19.40
09/10/2023 09:00;0.00;760.00;;14.40;19.40
09/10/2023 08:45;0.00;763.00;;13.70;17.90
09/10/2023 08:30;0.00;765.00;;13.70;17.90
09/10/2023 08:15;0.00;769.00;;13.70;17.90
09/10/2023 08:00;0.00;771.00;;13.70;17.90
09/10/2023 07:45;0.00;774.00;;13.00;16.80
09/10/2023 07:30;0.00;778.00;;13.00;16.80
09/10/2023 07:15;0.00;782.00;;13.00;16.80
09/10/2023 07:00;0.00;787.00;;13.00;16.80
09/10/2023 06:45;0.00;792.00;;12.90;16.80
09/10/2023 06:30;0.00;798.00;;12.90;16.80
09/10/2023 06:15;0.00;803.00;;12.90;16.80
09/10/2023 06:00;0.00;808.00;;12.90;16.80
09/10/2023 05:45;0.00;812.00;;12.90;16.90
09/10/2023 05:30;0.00;816.00;;12.90;16.90
09/10/2023 05:15;0.00;818.00;;12.90;16.90
09/10/2023 05:00;0.00;824.00;;12.90;16.90
09/10/2023 04:45;0.00;828.00;;12.90;16.90
09/10/2023 04:30;0.00;834.00;;12.90;16.90
09/10/2023 04:15;0.00;839.00;;12.90;16.90
09/10/2023 04:00;0.00;845.00;;12.90;16.90
09/10/2023 03:45;0.00;852.00;;13.00;16.80
09/10/2023 03:30;0.00;861.00;;13.00;16.80
09/10/2023 03:15;0.00;868.00;;13.00;16.80
09/10/2023 03:00;0.00;873.00;;13.00;16.80
09/10/2023 02:45;0.00;879.00;;13.00;16.90
09/10/2023 02:30;0.00;884.00;;13.00;16.90
09/10/2023 02:15;0.00;890.00;;13.00;16.90
09/10/2023 02:00;0.00;896.00;;13.00;16.90
09/10/2023 01:45;0.00;903.00;;13.00;17.00
09/10/2023 01:30;0.00;908.00;;13.00;17.00
09/10/2023 01:15;0.00;915.00;;13.00;17.00
09/10/2023 01:00;0.00;920.00;;13.00;17.00
09/10/2023 00:45;0.00;927.00;;13.00;17.10
09/10/2023 00:30;0.00;934.00;;13.00;17.10
09/10/2023 00:15;0.20;940.00;;13.00;17.10
09/10/2023 00:00;0.80;946.00;;13.00;17.10
08/10/2023 23:45;0.80;952.00;;13.00;17.40
08/10/2023 23:30;0.20;956.00;;13.00;17.40
08/10/2023 23:15;0.20;963.00;;13.00;17.40
08/10/2023 23:00;0.00;970.00;;13.00;17.40
08/10/2023 22:45;0.00;973.00;;13.00;17.70
08/10/2023 22:30;0.00;978.00;;13.00;17.70
08/10/2023 22:15;0.00;982.00;;13.00;17.70
08/10/2023 22:00;0.00;987.00;;13.00;17.70
08/10/2023 21:45;0.00;990.00;;13.00;17.80
08/10/2023 21:30;0.00;993.00;;13.00;17.80
08/10/2023 21:15;0.00;995.00;;13.00;17.80
08/10/2023 21:00;0.00;996.00;;13.00;17.80
08/10/2023 20:45;0.00;998.00;;13.00;18.10
08/10/2023 20:30;0.00;999.00;;13.00;18.10
08/10/2023 20:15;0.00;1003.00;;13.00;18.10
08/10/2023 20:00;0.00;1007.00;;13.00;18.10
08/10/2023 19:45;0.00;1011.00;;13.10;18.30
08/10/2023 19:30;0.00;1014.00;;13.10;18.30
08/10/2023 19:15;0.00;1019.00;;13.10;18.30
08/10/2023 19:00;0.00;1023.00;;13.10;18.30
08/10/2023 18:45;0.00;1028.00;;13.40;18.90
08/10/2023 18:30;0.00;1032.00;;13.40;18.90
08/10/2023 18:15;0.00;1035.00;;13.40;18.90
08/10/2023 18:00;0.00;1042.00;;13.40;18.90
08/10/2023 17:45;0.00;1045.00;;13.80;19.20
08/10/2023 17:30;0.00;1050.00;;13.80;19.20
08/10/2023 17:15;0.00;1055.00;;13.80;19.20
08/10/2023 17:00;0.00;1060.00;;13.80;19.20
08/10/2023 16:45;0.00;1066.00;;14.00;19.70
08/10/2023 16:30;0.00;1072.00;;14.00;19.70
08/10/2023 16:15;0.00;1075.00;;14.00;19.70
08/10/2023 16:00;0.00;1080.00;;14.00;19.70
08/10/2023 15:45;0.00;1085.00;;14.20;20.00
08/10/2023 15:30;0.00;1093.00;;14.20;20.00
08/10/2023 15:15;0.00;1098.00;;14.20;20.00
08/10/2023 15:00;0.00;1102.00;;14.20;20.00
08/10/2023 14:45;0.00;1110.00;;14.20;19.80
08/10/2023 14:30;0.00;1116.00;;14.20;19.80
08/10/2023 14:15;0.00;1121.00;;14.20;19.80
08/10/2023 14:00;0.00;1129.00;;14.20;19.80
08/10/2023 13:45;0.00;1137.00;;14.40;20.40
08/10/2023 13:30;0.00;1144.00;;14.40;20.40
08/10/2023 13:15;0.00;1150.00;;14.40;20.40
08/10/2023 13:00;0.00;1155.00;;14.40;20.40
08/10/2023 12:45;0.00;1162.00;;14.30;20.20
08/10/2023 12:30;0.00;1167.00;;14.30;20.20
08/10/2023 12:15;0.00;1174.00;;14.30;20.20
08/10/2023 12:00;0.00;1182.00;;14.30;20.20
08/10/2023 11:45;0.00;1187.00;;14.30;20.20
08/10/2023 11:30;0.00;1193.00;;14.30;20.20
08/10/2023 11:15;0.00;1199.00;;14.30;20.20
08/10/2023 11:00;0.00;1206.00;;14.30;20.20
08/10/2023 10:45;0.00;1213.00;;13.70;19.40
08/10/2023 10:30;0.00;1219.00;;13.70;19.40
08/10/2023 10:15;0.00;1227.00;;13.70;19.40
08/10/2023 10:00;0.00;1232.00;;13.70;19.40
08/10/2023 09:45;0.00;1239.00;;13.50;18.20
08/10/2023 09:30;0.00;1245.00;;13.50;18.20
08/10/2023 09:15;0.00;1252.00;;13.50;18.20
08/10/2023 09:00;0.00;1258.00;;13.50;18.20
08/10/2023 08:45;0.00;1263.00;;13.10;17.10
08/10/2023 08:30;0.00;1272.00;;13.10;17.10
08/10/2023 08:15;0.00;1277.00;;13.10;17.10
08/10/2023 08:00;0.00;1282.00;;13.10;17.10
08/10/2023 07:45;0.00;1291.00;;12.90;16.40
08/10/2023 07:30;0.00;1294.00;;12.90;16.40
08/10/2023 07:15;0.00;1302.00;;12.90;16.40
08/10/2023 07:00;0.00;1309.00;;12.90;16.40
08/10/2023 06:45;0.00;1312.00;;12.90;16.40
08/10/2023 06:30;0.00;1322.00;;12.90;16.40
08/10/2023 06:15;0.00;1326.00;;12.90;16.40
08/10/2023 06:00;0.00;1332.00;;12.90;16.40
08/10/2023 05:45;0.00;1338.00;;12.90;16.40
08/10/2023 05:30;0.00;1343.00;;12.90;16.40
08/10/2023 05:15;0.00;1349.00;;12.90;16.40
08/10/2023 05:00;0.00;1355.00;;12.90;16.40
08/10/2023 04:45;0.00;1358.00;;12.90;16.50
08/10/2023 04:30;0.00;1365.00;;12.90;16.50
08/10/2023 04:15;0.00;1369.00;;12.90;16.50
08/10/2023 04:00;0.00;1377.00;;12.90;16.50
08/10/2023 03:45;0.00;1375.00;;12.90;16.60
08/10/2023 03:30;0.00;1380.00;;12.90;16.60
08/10/2023 03:15;0.00;1383.00;;12.90;16.60
08/10/2023 03:00;0.00;1389.00;;12.90;16.60
08/10/2023 02:45;0.00;1391.00;;13.00;16.80
08/10/2023 02:30;0.00;1391.00;;13.00;16.80
08/10/2023 02:15;0.00;1392.00;;13.00;16.80
08/10/2023 02:00;0.00;1395.00;;13.00;16.80
08/10/2023 01:45;0.00;1397.00;;13.00;17.10
08/10/2023 01:30;0.00;1396.00;;13.00;17.10
08/10/2023 01:15;0.00;1395.00;;13.00;17.10
08/10/2023 01:00;0.00;1392.00;;13.00;17.10
08/10/2023 00:45;0.00;1393.00;;13.00;17.30
08/10/2023 00:30;0.00;1391.00;;13.00;17.30
08/10/2023 00:15;0.00;1388.00;;13.00;17.30
08/10/2023 00:00;0.00;1385.00;;13.00;17.30
07/10/2023 23:45;0.00;1380.00;;13.00;17.50
07/10/2023 23:30;0.00;1377.00;;13.00;17.50
07/10/2023 23:15;0.00;1370.00;;13.00;17.50
07/10/2023 23:00;0.00;1363.00;;13.00;17.50
07/10/2023 22:45;0.00;1356.00;;13.00;17.80
07/10/2023 22:30;0.00;1353.00;;13.00;17.80
07/10/2023 22:15;0.00;1342.00;;13.00;17.80
07/10/2023 22:00;0.00;1333.00;;13.00;17.80
07/10/2023 21:45;0.00;1324.00;;13.00;17.80
07/10/2023 21:30;0.00;1314.00;;13.00;17.80
07/10/2023 21:15;0.00;1300.00;;13.00;17.80
07/10/2023 21:00;0.00;1293.00;;13.00;17.80
07/10/2023 20:45;0.00;1278.00;;13.10;18.50
07/10/2023 20:30;0.00;1266.00;;13.10;18.50
07/10/2023 20:15;0.00;1251.00;;13.10;18.50
07/10/2023 20:00;0.00;1237.00;;13.10;18.50
07/10/2023 19:45;0.00;1225.00;;13.10;18.80
07/10/2023 19:30;0.00;1211.00;;13.10;18.80
07/10/2023 19:15;0.00;1195.00;;13.10;18.80
07/10/2023 19:00;0.00;1181.00;;13.10;18.80
07/10/2023 18:45;0.00;1168.00;;13.20;19.30
07/10/2023 18:30;0.00;1157.00;;13.20;19.30
07/10/2023 18:15;0.00;1140.00;;13.20;19.30
07/10/2023 18:00;0.00;1130.00;;13.20;19.30
07/10/2023 17:45;0.00;1119.00;;13.20;19.80
07/10/2023 17:30;0.00;1106.00;;13.20;19.80
07/10/2023 17:15;0.00;1094.00;;13.20;19.80
07/10/2023 17:00;;1080.00;;13.20;19.80
07/10/2023 16:45;;;;13.30;20.30
07/10/2023 16:30;;;;13.30;20.30
07/10/2023 16:15;;;;13.30;20.30
07/10/2023 16:00;;;;13.30;20.30
07/10/2023 15:45;0.00;1095.00;;13.40;20.40
07/10/2023 15:30;0.00;1082.00;;13.40;20.40
07/10/2023 15:15;0.00;1071.00;;13.40;20.40
07/10/2023 15:00;0.00;;;13.40;20.40
07/10/2023 14:45;0.00;;;13.30;20.10
07/10/2023 14:30;0.00;;;13.30;20.10
07/10/2023 14:15;0.00;;;13.30;20.10
07/10/2023 14:00;0.00;;;13.30;20.10
07/10/2023 13:45;0.80;;;13.30;20.10
07/10/2023 13:30;0.00;;;13.30;20.10
07/10/2023 13:15;0.20;;;13.30;20.10
07/10/2023 13:00;0.80;;;13.30;20.10
07/10/2023 12:45;0.20;;;13.00;19.90
07/10/2023 12:30;0.00;;;13.00;19.90
07/10/2023 12:15;0.00;;;13.00;19.90
07/10/2023 12:00;0.00;;;13.00;19.90
07/10/2023 11:45;0.20;;;13.00;19.90
07/10/2023 11:30;0.20;;;13.00;19.90
07/10/2023 11:15;0.00;;;13.00;19.90
07/10/2023 11:00;0.00;;;13.00;19.90
07/10/2023 10:45;0.00;;;12.80;19.00
07/10/2023 10:30;0.00;;;12.80;19.00
07/10/2023 10:15;0.00;;;12.80;19.00
07/10/2023 10:00;0.20;;;12.80;19.00
07/10/2023 09:45;0.00;;;12.80;18.80
07/10/2023 09:30;0.20;;;12.80;18.80
07/10/2023 09:15;0.20;;;12.80;18.80
07/10/2023 09:00;0.00;;;12.80;18.80
07/10/2023 08:45;0.20;;;12.70;18.70
07/10/2023 08:30;0.20;;;12.70;18.70
07/10/2023 08:15;0.80;;;12.70;18.70
07/10/2023 08:00;1.40;;;12.70;18.70
07/10/2023 07:45;0.20;;;12.70;18.70
07/10/2023 07:30;0.00;;;12.70;18.70
07/10/2023 07:15;0.00;;;12.70;18.70
07/10/2023 07:00;0.80;;;12.70;18.70
07/10/2023 06:45;1.40;;;12.70;18.70
07/10/2023 06:30;1.80;;;12.70;18.70
07/10/2023 06:15;1.40;;;12.70;18.70
07/10/2023 06:00;1.40;;;12.70;18.70
07/10/2023 05:45;0.40;;;12.70;18.80
07/10/2023 05:30;0.60;;;12.70;18.80
07/10/2023 05:15;1.20;;;12.70;18.80
07/10/2023 05:00;0.00;;;12.70;18.80
07/10/2023 04:45;1.40;;;12.70;18.70
07/10/2023 04:30;1.00;;;12.70;18.70
07/10/2023 04:15;0.60;;;12.70;18.70
07/10/2023 04:00;1.80;;;12.70;18.70
07/10/2023 03:45;1.40;;;12.70;18.60
07/10/2023 03:30;1.80;;;12.70;18.60
07/10/2023 03:15;1.00;;;12.70;18.60
07/10/2023 03:00;2.20;;;12.70;18.60
07/10/2023 02:45;1.40;;;12.70;18.60
07/10/2023 02:30;1.20;;;12.70;18.60
07/10/2023 02:15;0.40;;;12.70;18.60
07/10/2023 02:00;1.60;;;12.70;18.60
07/10/2023 01:45;1.20;;;12.70;18.50
07/10/2023 01:30;1.20;;;12.70;18.50
07/10/2023 01:15;1.20;529.00;;12.70;18.50
07/10/2023 01:00;1.80;529.00;;12.70;18.50
07/10/2023 00:45;0.60;529.00;;12.90;18.30
07/10/2023 00:30;1.40;530.00;;12.90;18.30
07/10/2023 00:15;0.40;530.00;;12.90;18.30
07/10/2023 00:00;0.00;531.00;;12.90;18.30
06/10/2023 23:45;0.00;533.00;;12.90;18.10
06/10/2023 23:30;0.00;533.00;;12.90;18.10
06/10/2023 23:15;0.00;534.00;;12.90;18.10
06/10/2023 23:00;0.40;535.00;;12.90;18.10
06/10/2023 22:45;0.00;535.00;;12.90;18.20
06/10/2023 22:30;0.00;537.00;;12.90;18.20
06/10/2023 22:15;0.40;537.00;;12.90;18.20
06/10/2023 22:00;0.00;538.00;;12.90;18.20
06/10/2023 21:45;0.20;538.00;;12.90;18.20
06/10/2023 21:30;1.80;539.00;;12.90;18.20
06/10/2023 21:15;2.60;540.00;;12.90;18.20
06/10/2023 21:00;1.40;540.00;;12.90;18.20
06/10/2023 20:45;1.60;541.00;;13.00;18.20
06/10/2023 20:30;1.80;541.00;;13.00;18.20
06/10/2023 20:15;0.00;542.00;;13.00;18.20
06/10/2023 20:00;0.00;543.00;;13.00;18.20
06/10/2023 19:45;0.20;544.00;;13.00;18.30
06/10/2023 19:30;1.40;545.00;;13.00;18.30
06/10/2023 19:15;0.20;545.00;;13.00;18.30
06/10/2023 19:00;0.40;547.00;;13.00;18.30
06/10/2023 18:45;1.60;549.00;;13.00;18.50
06/10/2023 18:30;0.20;549.00;;13.00;18.50
06/10/2023 18:15;0.20;550.00;;13.00;18.50
06/10/2023 18:00;0.40;551.00;;13.00;18.50
06/10/2023 17:45;1.20;552.00;;13.20;19.00
06/10/2023 17:30;0.40;554.00;;13.20;19.00
06/10/2023 17:15;1.40;555.00;;13.20;19.00
06/10/2023 17:00;0.20;556.00;;13.20;19.00
06/10/2023 16:45;0.00;556.00;;13.70;20.10
06/10/2023 16:30;0.00;558.00;;13.70;20.10
06/10/2023 16:15;0.00;559.00;;13.70;20.10
06/10/2023 16:00;0.00;561.00;;13.70;20.10
06/10/2023 15:45;0.00;562.00;;14.10;20.40
06/10/2023 15:30;0.00;563.00;;14.10;20.40
06/10/2023 15:15;0.00;564.00;;14.10;20.40
06/10/2023 15:00;0.00;565.00;;14.10;20.40
06/10/2023 14:45;0.00;567.00;;14.00;20.40
06/10/2023 14:30;0.00;568.00;;14.00;20.40
06/10/2023 14:15;0.00;569.00;;14.00;20.40
06/10/2023 14:00;0.00;571.00;;14.00;20.40
06/10/2023 13:45;0.00;572.00;;14.40;19.80
06/10/2023 13:30;0.00;573.00;;14.40;19.80
06/10/2023 13:15;0.00;575.00;;14.40;19.80
06/10/2023 13:00;0.00;576.00;;14.40;19.80
06/10/2023 12:45;0.00;578.00;;14.30;18.90
06/10/2023 12:30;0.00;579.00;;14.30;18.90
06/10/2023 12:15;0.00;580.00;;14.30;18.90
06/10/2023 12:00;0.00;582.00;;14.30;18.90
06/10/2023 11:45;0.00;583.00;;14.30;18.70
06/10/2023 11:30;0.00;584.00;;14.30;18.70
06/10/2023 11:15;0.00;585.00;;14.30;18.70
06/10/2023 11:00;0.00;587.00;;14.30;18.70
06/10/2023 10:45;0.00;588.00;;14.50;17.20
06/10/2023 10:30;0.00;589.00;;14.50;17.20
06/10/2023 10:15;0.00;590.00;;14.50;17.20
06/10/2023 10:00;0.00;592.00;;14.50;17.20
06/10/2023 09:45;0.00;593.00;;13.80;15.50
06/10/2023 09:30;0.00;594.00;;13.80;15.50
06/10/2023 09:15;0.00;596.00;;13.80;15.50
06/10/2023 09:00;0.00;597.00;;13.80;15.50
06/10/2023 08:45;0.00;599.00;;13.30;14.90
06/10/2023 08:30;0.00;600.00;;13.30;14.90
06/10/2023 08:15;0.00;602.00;;13.30;14.90
06/10/2023 08:00;0.00;604.00;;13.30;14.90
06/10/2023 07:45;0.00;607.00;;12.80;14.50
06/10/2023 07:30;0.00;608.00;;12.80;14.50
06/10/2023 07:15;0.00;611.00;;12.80;14.50
06/10/2023 07:00;0.00;614.00;;12.80;14.50
06/10/2023 06:45;0.00;616.00;;12.80;14.50
06/10/2023 06:30;0.00;618.00;;12.80;14.50
06/10/2023 06:15;0.00;620.00;;12.80;14.50
06/10/2023 06:00;0.00;623.00;;12.80;14.50
06/10/2023 05:45;0.00;625.00;;12.80;14.30
06/10/2023 05:30;0.00;627.00;;12.80;14.30
06/10/2023 05:15;0.00;629.00;;12.80;14.30
06/10/2023 05:00;0.00;631.00;;12.80;14.30
06/10/2023 04:45;0.00;633.00;;12.90;14.20
06/10/2023 04:30;0.00;634.00;;12.90;14.20
06/10/2023 04:15;0.00;636.00;;12.90;14.20
06/10/2023 04:00;0.00;638.00;;12.90;14.20
06/10/2023 03:45;0.00;638.00;;12.90;14.30
06/10/2023 03:30;0.00;641.00;;12.90;14.30
06/10/2023 03:15;0.00;642.00;;12.90;14.30
06/10/2023 03:00;0.00;644.00;;12.90;14.30
06/10/2023 02:45;0.00;645.00;;12.90;14.10
06/10/2023 02:30;0.00;646.00;;12.90;14.10
06/10/2023 02:15;0.00;648.00;;12.90;14.10
06/10/2023 02:00;0.00;650.00;;12.90;14.10
06/10/2023 01:45;0.00;650.00;;12.90;14.10
06/10/2023 01:30;0.00;652.00;;12.90;14.10
06/10/2023 01:15;0.00;654.00;;12.90;14.10
06/10/2023 01:00;0.00;657.00;;12.90;14.10
06/10/2023 00:45;0.00;658.00;;12.90;14.60
06/10/2023 00:30;0.00;661.00;;12.90;14.60
06/10/2023 00:15;0.00;663.00;;12.90;14.60
06/10/2023 00:00;0.00;666.00;;12.90;14.60
05/10/2023 23:45;0.00;668.00;;12.90;15.30
05/10/2023 23:30;0.00;670.00;;12.90;15.30
05/10/2023 23:15;0.00;673.00;;12.90;15.30
05/10/2023 23:00;0.00;675.00;;12.90;15.30
05/10/2023 22:45;0.00;677.00;;12.90;16.30
05/10/2023 22:30;0.00;679.00;;12.90;16.30
05/10/2023 22:15;0.00;681.00;;12.90;16.30
05/10/2023 22:00;0.00;684.00;;12.90;16.30
05/10/2023 21:45;0.00;689.00;;13.00;17.50
05/10/2023 21:30;0.00;692.00;;13.00;17.50
05/10/2023 21:15;0.00;696.00;;13.00;17.50
05/10/2023 21:00;0.00;699.00;;13.00;17.50
05/10/2023 20:45;0.00;699.00;;13.00;19.30
05/10/2023 20:30;0.00;704.00;;13.00;19.30
05/10/2023 20:15;0.00;708.00;;13.00;19.30
05/10/2023 20:00;0.00;711.00;;13.00;19.30
05/10/2023 19:45;0.00;714.00;;13.10;22.20
05/10/2023 19:30;0.00;717.00;;13.10;22.20
05/10/2023 19:15;0.00;716.00;;13.10;22.20
05/10/2023 19:00;0.00;718.00;;13.10;22.20
05/10/2023 18:45;0.00;719.00;;13.60;26.00
05/10/2023 18:30;0.00;718.00;;13.60;26.00
05/10/2023 18:15;0.00;718.00;;13.60;26.00
05/10/2023 18:00;0.00;718.00;;13.60;26.00
05/10/2023 17:45;0.00;717.00;;13.90;27.80
05/10/2023 17:30;0.00;717.00;;13.90;27.80
05/10/2023 17:15;0.00;716.00;;13.90;27.80
05/10/2023 17:00;0.00;717.00;;13.90;27.80
05/10/2023 16:45;0.00;716.00;;13.90;28.00
05/10/2023 16:30;0.00;716.00;;13.90;28.00
05/10/2023 16:15;0.00;716.00;;13.90;28.00
05/10/2023 16:00;0.00;716.00;;13.90;28.00
05/10/2023 15:45;0.00;715.00;;13.90;27.70
05/10/2023 15:30;0.00;714.00;;13.90;27.70
05/10/2023 15:15;0.00;714.00;;13.90;27.70
05/10/2023 15:00;0.00;716.00;;13.90;27.70
05/10/2023 14:45;0.00;719.00;;14.20;27.10
05/10/2023 14:30;0.00;723.00;;14.20;27.10
05/10/2023 14:15;0.00;728.00;;14.20;27.10
05/10/2023 14:00;0.00;733.00;;14.20;27.10
05/10/2023 13:45;0.00;735.00;;14.20;26.00
05/10/2023 13:30;0.00;736.00;;14.20;26.00
05/10/2023 13:15;0.00;737.00;;14.20;26.00
05/10/2023 13:00;0.00;738.00;;14.20;26.00
05/10/2023 12:45;0.00;739.00;;14.20;24.60
05/10/2023 12:30;0.00;740.00;;14.20;24.60
05/10/2023 12:15;0.00;740.00;;14.20;24.60
05/10/2023 12:00;0.00;742.00;;14.20;24.60
05/10/2023 11:45;0.00;743.00;;14.30;23.60
05/10/2023 11:30;0.00;745.00;;14.30;23.60
05/10/2023 11:15;0.00;746.00;;14.30;23.60
05/10/2023 11:00;0.00;746.00;;14.30;23.60
05/10/2023 10:45;0.00;748.00;;14.40;20.40
05/10/2023 10:30;0.00;748.00;;14.40;20.40
05/10/2023 10:15;0.00;747.00;;14.40;20.40
05/10/2023 10:00;0.00;749.00;;14.40;20.40
05/10/2023 09:45;0.00;749.00;;14.30;18.70
05/10/2023 09:30;0.00;748.00;;14.30;18.70
05/10/2023 09:15;0.00;748.00;;14.30;18.70
05/10/2023 09:00;0.00;748.00;;14.30;18.70
05/10/2023 08:45;0.00;748.00;;13.00;17.20
05/10/2023 08:30;0.00;747.00;;13.00;17.20
05/10/2023 08:15;0.00;746.00;;13.00;17.20
05/10/2023 08:00;0.00;746.00;;13.00;17.20
05/10/2023 07:45;0.00;744.00;;12.80;16.40
05/10/2023 07:30;0.00;743.00;;12.80;16.40
05/10/2023 07:15;0.00;740.00;;12.80;16.40
05/10/2023 07:00;0.00;739.00;;12.80;16.40
05/10/2023 06:45;0.00;736.00;;12.80;16.30
05/10/2023 06:30;0.00;734.00;;12.80;16.30
05/10/2023 06:15;0.00;732.00;;12.80;16.30
05/10/2023 06:00;0.00;731.00;;12.80;16.30
05/10/2023 05:45;0.00;730.00;;12.80;17.20
05/10/2023 05:30;0.00;729.00;;12.80;17.20
05/10/2023 05:15;0.00;728.00;;12.80;17.20
05/10/2023 05:00;0.00;727.00;;12.80;17.20
05/10/2023 04:45;0.00;727.00;;12.90;17.80
05/10/2023 04:30;0.00;726.00;;12.90;17.80
05/10/2023 04:15;0.00;727.00;;12.90;17.80
05/10/2023 04:00;0.00;726.00;;12.90;17.80
05/10/2023 03:45;0.00;725.00;;12.90;18.40
05/10/2023 03:30;0.00;724.00;;12.90;18.40
05/10/2023 03:15;0.00;724.00;;12.90;18.40
05/10/2023 03:00;0.00;723.00;;12.90;18.40
05/10/2023 02:45;0.00;722.00;;12.90;18.50
05/10/2023 02:30;0.00;720.00;;12.90;18.50
05/10/2023 02:15;0.00;719.00;;12.90;18.50
05/10/2023 02:00;0.00;717.00;;12.90;18.50
05/10/2023 01:45;0.00;715.00;;12.90;18.60
05/10/2023 01:30;0.00;713.00;;12.90;18.60
05/10/2023 01:15;0.00;711.00;;12.90;18.60
05/10/2023 01:00;0.00;708.00;;12.90;18.60
05/10/2023 00:45;0.00;706.00;;12.90;18.70
05/10/2023 00:30;0.00;705.00;;12.90;18.70
05/10/2023 00:15;0.00;702.00;;12.90;18.70
05/10/2023 00:00;0.00;699.00;;12.90;18.70
04/10/2023 23:45;0.00;695.00;;12.90;19.00
04/10/2023 23:30;0.00;691.00;;12.90;19.00
04/10/2023 23:15;0.00;688.00;;12.90;19.00
04/10/2023 23:00;0.00;683.00;;12.90;19.00
04/10/2023 22:45;0.00;678.00;;12.90;19.40
04/10/2023 22:30;0.00;672.00;;12.90;19.40
04/10/2023 22:15;0.00;665.00;;12.90;19.40
04/10/2023 22:00;0.00;658.00;;12.90;19.40
04/10/2023 21:45;0.00;642.00;;13.00;20.00
04/10/2023 21:30;0.00;633.00;;13.00;20.00
04/10/2023 21:15;0.00;622.00;;13.00;20.00
04/10/2023 21:00;0.00;611.00;;13.00;20.00
04/10/2023 20:45;0.00;611.00;;13.00;20.40
04/10/2023 20:30;0.00;600.00;;13.00;20.40
04/10/2023 20:15;0.00;588.00;;13.00;20.40
04/10/2023 20:00;0.00;579.00;;13.00;20.40
04/10/2023 19:45;0.00;570.00;;13.00;21.10
04/10/2023 19:30;0.00;561.00;;13.00;21.10
04/10/2023 19:15;0.00;554.00;;13.00;21.10
04/10/2023 19:00;0.00;546.00;;13.00;21.10
04/10/2023 18:45;0.00;539.00;;13.30;21.80
04/10/2023 18:30;0.00;532.00;;13.30;21.80
04/10/2023 18:15;0.00;525.00;;13.30;21.80
04/10/2023 18:00;0.00;518.00;;13.30;21.80
04/10/2023 17:45;0.00;511.00;;13.80;22.60
04/10/2023 17:30;0.00;506.00;;13.80;22.60
04/10/2023 17:15;0.00;499.00;;13.80;22.60
04/10/2023 17:00;0.00;494.00;;13.80;22.60
04/10/2023 16:45;0.00;489.00;;13.90;24.00
04/10/2023 16:30;0.00;485.00;;13.90;24.00
04/10/2023 16:15;0.00;481.00;;13.90;24.00
04/10/2023 16:00;0.00;478.00;;13.90;24.00
04/10/2023 15:45;0.00;475.00;;14.20;27.00
04/10/2023 15:30;0.00;473.00;;14.20;27.00
04/10/2023 15:15;0.00;471.00;;14.20;27.00
04/10/2023 15:00;0.00;470.00;;14.20;27.00
04/10/2023 14:45;0.00;468.00;;14.20;26.40
04/10/2023 14:30;0.00;467.00;;14.20;26.40
04/10/2023 14:15;0.00;466.00;;14.20;26.40
04/10/2023 14:00;0.00;465.00;;14.20;26.40
04/10/2023 13:45;0.00;463.00;;14.30;24.00
04/10/2023 13:30;0.00;462.00;;14.30;24.00
04/10/2023 13:15;0.00;459.00;;14.30;24.00
04/10/2023 13:00;0.00;457.00;;14.30;24.00
04/10/2023 12:45;0.00;454.00;;14.40;21.70
04/10/2023 12:30;0.00;452.00;;14.40;21.70
04/10/2023 12:15;0.00;448.00;;14.40;21.70
04/10/2023 12:00;0.00;445.00;;14.40;21.70
04/10/2023 11:45;0.00;441.00;;14.40;19.70
04/10/2023 11:30;0.00;437.00;;14.40;19.70
04/10/2023 11:15;0.00;432.00;;14.40;19.70
04/10/2023 11:00;0.00;428.00;;14.40;19.70
04/10/2023 10:45;0.00;424.00;;14.50;19.00
04/10/2023 10:30;0.00;420.00;;14.50;19.00
04/10/2023 10:15;0.00;416.00;;14.50;19.00
04/10/2023 10:00;0.00;412.00;;14.50;19.00
04/10/2023 09:45;0.00;409.00;;13.20;17.50
04/10/2023 09:30;0.00;406.00;;13.20;17.50
04/10/2023 09:15;0.20;403.00;;13.20;17.50
04/10/2023 09:00;0.20;400.00;;13.20;17.50
04/10/2023 08:45;0.20;397.00;;12.90;17.10
04/10/2023 08:30;0.40;395.00;;12.90;17.10
04/10/2023 08:15;0.00;392.00;;12.90;17.10
04/10/2023 08:00;0.00;390.00;;12.90;17.10
04/10/2023 07:45;0.00;388.00;;12.80;17.00
04/10/2023 07:30;0.20;385.00;;12.80;17.00
04/10/2023 07:15;0.00;383.00;;12.80;17.00
04/10/2023 07:00;0.20;381.00;;12.80;17.00
04/10/2023 06:45;0.20;379.00;;12.80;17.00
04/10/2023 06:30;0.60;377.00;;12.80;17.00
04/10/2023 06:15;1.40;375.00;;12.80;17.00
04/10/2023 06:00;3.60;373.00;;12.80;17.00
04/10/2023 05:45;1.80;370.00;;12.80;17.00
04/10/2023 05:30;2.00;369.00;;12.80;17.00
04/10/2023 05:15;1.00;367.00;;12.80;17.00
04/10/2023 05:00;0.00;366.00;;12.80;17.00
04/10/2023 04:45;0.20;366.00;;12.80;17.10
04/10/2023 04:30;0.20;365.00;;12.80;17.10
04/10/2023 04:15;0.40;365.00;;12.80;17.10
04/10/2023 04:00;0.40;364.00;;12.80;17.10
04/10/2023 03:45;0.20;363.00;;12.90;17.20
04/10/2023 03:30;1.40;362.00;;12.90;17.20
04/10/2023 03:15;2.20;362.00;;12.90;17.20
04/10/2023 03:00;3.20;360.00;;12.90;17.20
04/10/2023 02:45;2.20;359.00;;12.90;18.70
04/10/2023 02:30;2.80;358.00;;12.90;18.70
04/10/2023 02:15;3.60;356.00;;12.90;18.70
04/10/2023 02:00;0.60;355.00;;12.90;18.70
04/10/2023 01:45;0.80;354.00;;12.90;19.80
04/10/2023 01:30;0.60;353.00;;12.90;19.80
04/10/2023 01:15;1.20;353.00;;12.90;19.80
04/10/2023 01:00;0.40;352.00;;12.90;19.80
04/10/2023 00:45;0.40;352.00;;12.90;19.50
04/10/2023 00:30;1.40;352.00;;12.90;19.50
04/10/2023 00:15;2.80;351.00;;12.90;19.50
04/10/2023 00:00;1.60;351.00;;12.90;19.50
03/10/2023 23:45;2.40;351.00;;12.90;19.50
03/10/2023 23:30;0.20;350.00;;12.90;19.50
03/10/2023 23:15;0.00;351.00;;12.90;19.50
03/10/2023 23:00;0.00;351.00;;12.90;19.50
03/10/2023 22:45;0.00;351.00;;12.90;19.70
03/10/2023 22:30;0.00;351.00;;12.90;19.70
03/10/2023 22:15;0.00;351.00;;12.90;19.70
03/10/2023 22:00;0.00;352.00;;12.90;19.70
03/10/2023 21:45;0.00;352.00;;13.00;20.50
03/10/2023 21:30;0.20;352.00;;13.00;20.50
03/10/2023 21:15;0.40;352.00;;13.00;20.50
03/10/2023 21:00;0.00;353.00;;13.00;20.50
03/10/2023 20:45;0.00;353.00;;13.00;21.80
03/10/2023 20:30;0.00;353.00;;13.00;21.80
03/10/2023 20:15;0.00;354.00;;13.00;21.80
03/10/2023 20:00;0.00;354.00;;13.00;21.80
03/10/2023 19:45;0.00;354.00;;13.10;22.70
03/10/2023 19:30;0.00;354.00;;13.10;22.70
03/10/2023 19:15;0.00;355.00;;13.10;22.70
03/10/2023 19:00;0.00;355.00;;13.10;22.70
03/10/2023 18:45;0.00;355.00;;13.40;24.00
03/10/2023 18:30;0.00;355.00;;13.40;24.00
03/10/2023 18:15;0.00;355.00;;13.40;24.00
03/10/2023 18:00;0.00;355.00;;13.40;24.00
03/10/2023 17:45;0.00;355.00;;13.50;25.60
03/10/2023 17:30;0.00;354.00;;13.50;25.60
03/10/2023 17:15;0.00;354.00;;13.50;25.60
03/10/2023 17:00;0.00;354.00;;13.50;25.60
03/10/2023 16:45;0.00;354.00;;13.80;27.60
03/10/2023 16:30;0.00;354.00;;13.80;27.60
03/10/2023 16:15;0.00;354.00;;13.80;27.60
03/10/2023 16:00;0.00;355.00;;13.80;27.60
03/10/2023 15:45;0.00;356.00;;13.70;30.60
03/10/2023 15:30;0.00;356.00;;13.70;30.60
03/10/2023 15:15;0.00;357.00;;13.70;30.60
03/10/2023 15:00;0.00;359.00;;13.70;30.60
03/10/2023 14:45;0.00;360.00;;13.70;31.50
03/10/2023 14:30;0.00;361.00;;13.70;31.50
03/10/2023 14:15;0.00;362.00;;13.70;31.50
03/10/2023 14:00;0.00;363.00;;13.70;31.50
03/10/2023 13:45;0.00;364.00;;14.10;29.50
03/10/2023 13:30;0.00;365.00;;14.10;29.50
03/10/2023 13:15;0.00;365.00;;14.10;29.50
03/10/2023 13:00;0.00;366.00;;14.10;29.50
03/10/2023 12:45;0.00;366.00;;14.20;26.40
03/10/2023 12:30;0.00;367.00;;14.20;26.40
03/10/2023 12:15;0.00;367.00;;14.20;26.40
03/10/2023 12:00;0.00;368.00;;14.20;26.40
03/10/2023 11:45;0.00;367.00;;14.30;22.90
03/10/2023 11:30;0.00;368.00;;14.30;22.90
03/10/2023 11:15;0.00;368.00;;14.30;22.90
03/10/2023 11:00;0.00;368.00;;14.30;22.90
03/10/2023 10:45;0.00;368.00;;14.50;19.60
03/10/2023 10:30;0.00;369.00;;14.50;19.60
03/10/2023 10:15;0.00;369.00;;14.50;19.60
03/10/2023 10:00;0.00;369.00;;14.50;19.60
03/10/2023 09:45;0.00;369.00;;14.60;15.10
03/10/2023 09:30;0.00;369.00;;14.60;15.10
03/10/2023 09:15;0.00;370.00;;14.60;15.10
03/10/2023 09:00;0.00;370.00;;14.60;15.10
03/10/2023 08:45;0.00;370.00;;13.40;11.60
03/10/2023 08:30;0.00;369.00;;13.40;11.60
03/10/2023 08:15;0.00;369.00;;13.40;11.60
03/10/2023 08:00;0.00;369.00;;13.40;11.60
03/10/2023 07:45;0.00;369.00;;12.80;10.80
03/10/2023 07:30;0.00;368.00;;12.80;10.80
03/10/2023 07:15;0.00;368.00;;12.80;10.80
03/10/2023 07:00;0.00;367.00;;12.80;10.80
03/10/2023 06:45;0.00;367.00;;12.80;10.70
03/10/2023 06:30;0.00;366.00;;12.80;10.70
03/10/2023 06:15;0.00;366.00;;12.80;10.70
03/10/2023 06:00;0.00;366.00;;12.80;10.70
03/10/2023 05:45;0.00;366.00;;12.80;10.90
03/10/2023 05:30;0.00;365.00;;12.80;10.90
03/10/2023 05:15;0.00;365.00;;12.80;10.90
03/10/2023 05:00;0.00;366.00;;12.80;10.90
03/10/2023 04:45;0.00;366.00;;12.80;11.00
03/10/2023 04:30;0.00;366.00;;12.80;11.00
03/10/2023 04:15;0.00;366.00;;12.80;11.00
03/10/2023 04:00;0.00;366.00;;12.80;11.00
03/10/2023 03:45;0.00;367.00;;12.80;10.70
03/10/2023 03:30;0.00;367.00;;12.80;10.70
03/10/2023 03:15;0.00;367.00;;12.80;10.70
03/10/2023 03:00;0.00;367.00;;12.80;10.70
03/10/2023 02:45;0.00;367.00;;12.90;10.70
03/10/2023 02:30;0.00;367.00;;12.90;10.70
03/10/2023 02:15;0.00;368.00;;12.90;10.70
03/10/2023 02:00;0.00;368.00;;12.90;10.70
03/10/2023 01:45;0.00;368.00;;12.90;10.70
03/10/2023 01:30;0.00;368.00;;12.90;10.70
03/10/2023 01:15;0.00;368.00;;12.90;10.70
03/10/2023 01:00;0.00;368.00;;12.90;10.70
03/10/2023 00:45;0.00;369.00;;12.90;12.20
03/10/2023 00:30;0.00;369.00;;12.90;12.20
03/10/2023 00:15;0.00;370.00;;12.90;12.20
03/10/2023 00:00;0.00;370.00;;12.90;12.20
02/10/2023 23:45;0.00;371.00;;12.90;13.30
02/10/2023 23:30;0.00;372.00;;12.90;13.30
02/10/2023 23:15;0.00;373.00;;12.90;13.30
02/10/2023 23:00;0.00;374.00;;12.90;13.30
02/10/2023 22:45;0.00;375.00;;12.90;14.50
02/10/2023 22:30;0.00;376.00;;12.90;14.50
02/10/2023 22:15;0.00;377.00;;12.90;14.50
02/10/2023 22:00;0.00;378.00;;12.90;14.50
02/10/2023 21:45;0.00;379.00;;13.00;16.30
02/10/2023 21:30;0.00;380.00;;13.00;16.30
02/10/2023 21:15;0.00;381.00;;13.00;16.30
02/10/2023 21:00;0.00;381.00;;13.00;16.30
02/10/2023 20:45;0.00;381.00;;13.00;18.60
02/10/2023 20:30;0.00;381.00;;13.00;18.60
02/10/2023 20:15;0.00;382.00;;13.00;18.60
02/10/2023 20:00;0.00;382.00;;13.00;18.60
02/10/2023 19:45;0.00;382.00;;13.10;20.90
02/10/2023 19:30;0.00;382.00;;13.10;20.90
02/10/2023 19:15;0.00;382.00;;13.10;20.90
02/10/2023 19:00;0.00;382.00;;13.10;20.90
02/10/2023 18:45;0.00;382.00;;13.60;24.30
02/10/2023 18:30;0.00;382.00;;13.60;24.30
02/10/2023 18:15;0.00;382.00;;13.60;24.30
02/10/2023 18:00;0.00;382.00;;13.60;24.30
02/10/2023 17:45;0.00;383.00;;13.90;26.20
02/10/2023 17:30;0.00;383.00;;13.90;26.20
02/10/2023 17:15;0.00;383.00;;13.90;26.20
02/10/2023 17:00;0.00;383.00;;13.90;26.20
02/10/2023 16:45;0.00;383.00;;13.90;27.00
02/10/2023 16:30;0.00;383.00;;13.90;27.00
02/10/2023 16:15;0.00;384.00;;13.90;27.00
02/10/2023 16:00;0.00;384.00;;13.90;27.00
02/10/2023 15:45;0.00;384.00;;13.90;26.70
02/10/2023 15:30;0.00;384.00;;13.90;26.70
02/10/2023 15:15;0.00;384.00;;13.90;26.70
02/10/2023 15:00;0.00;385.00;;13.90;26.70
02/10/2023 14:45;0.00;385.00;;13.90;25.40
02/10/2023 14:30;0.00;385.00;;13.90;25.40
02/10/2023 14:15;0.00;385.00;;13.90;25.40
02/10/2023 14:00;0.00;386.00;;13.90;25.40
02/10/2023 13:45;0.00;385.00;;14.30;24.10
02/10/2023 13:30;0.00;386.00;;14.30;24.10
02/10/2023 13:15;0.00;386.00;;14.30;24.10
02/10/2023 13:00;0.00;386.00;;14.30;24.10
02/10/2023 12:45;0.00;387.00;;14.30;22.40
02/10/2023 12:30;0.00;387.00;;14.30;22.40
02/10/2023 12:15;0.00;387.00;;14.30;22.40
02/10/2023 12:00;0.00;387.00;;14.30;22.40
02/10/2023 11:45;0.00;387.00;;14.40;21.40
02/10/2023 11:30;0.00;388.00;;14.40;21.40
02/10/2023 11:15;0.00;388.00;;14.40;21.40
02/10/2023 11:00;0.00;388.00;;14.40;21.40
02/10/2023 10:45;0.00;389.00;;14.50;19.50
02/10/2023 10:30;0.00;389.00;;14.50;19.50
02/10/2023 10:15;0.00;389.00;;14.50;19.50
02/10/2023 10:00;0.00;389.00;;14.50;19.50
02/10/2023 09:45;0.00;390.00;;14.50;17.20
02/10/2023 09:30;0.00;390.00;;14.50;17.20
02/10/2023 09:15;0.00;390.00;;14.50;17.20
02/10/2023 09:00;0.00;390.00;;14.50;17.20
02/10/2023 08:45;0.00;390.00;;13.60;12.20
02/10/2023 08:30;0.00;391.00;;13.60;12.20
02/10/2023 08:15;0.00;391.00;;13.60;12.20
02/10/2023 08:00;0.00;391.00;;13.60;12.20
02/10/2023 07:45;0.00;392.00;;12.80;11.60
02/10/2023 07:30;0.00;392.00;;12.80;11.60
02/10/2023 07:15;0.00;392.00;;12.80;11.60
02/10/2023 07:00;0.00;392.00;;12.80;11.60
02/10/2023 06:45;0.00;393.00;;12.80;11.40
02/10/2023 06:30;0.00;393.00;;12.80;11.40
02/10/2023 06:15;0.00;394.00;;12.80;11.40
02/10/2023 06:00;0.00;394.00;;12.80;11.40
02/10/2023 05:45;0.00;394.00;;12.80;11.50
02/10/2023 05:30;0.00;395.00;;12.80;11.50
02/10/2023 05:15;0.00;395.00;;12.80;11.50
02/10/2023 05:00;0.00;395.00;;12.80;11.50
02/10/2023 04:45;0.00;396.00;;12.80;11.80
02/10/2023 04:30;0.00;396.00;;12.80;11.80
02/10/2023 04:15;0.00;397.00;;12.80;11.80
02/10/2023 04:00;0.00;397.00;;12.80;11.80
02/10/2023 03:45;0.00;397.00;;12.90;11.80
02/10/2023 03:30;0.00;398.00;;12.90;11.80
02/10/2023 03:15;0.00;398.00;;12.90;11.80
02/10/2023 03:00;0.00;399.00;;12.90;11.80
02/10/2023 02:45;0.00;399.00;;12.90;11.80
02/10/2023 02:30;0.00;399.00;;12.90;11.80
02/10/2023 02:15;0.00;400.00;;12.90;11.80
02/10/2023 02:00;0.00;400.00;;12.90;11.80
02/10/2023 01:45;0.00;400.00;;12.90;11.60
02/10/2023 01:30;0.00;400.00;;12.90;11.60
02/10/2023 01:15;0.00;400.00;;12.90;11.60
02/10/2023 01:00;0.00;400.00;;12.90;11.60
02/10/2023 00:45;0.00;400.00;;12.90;12.10
02/10/2023 00:30;0.00;399.00;;12.90;12.10
02/10/2023 00:15;0.00;399.00;;12.90;12.10
02/10/2023 00:00;0.00;398.00;;12.90;12.10
01/10/2023 23:45;0.00;398.00;;12.90;12.10
01/10/2023 23:30;0.00;397.00;;12.90;12.10
01/10/2023 23:15;0.00;397.00;;12.90;12.10
01/10/2023 23:00;0.00;397.00;;12.90;12.10
01/10/2023 22:45;0.00;397.00;;12.90;14.00
01/10/2023 22:30;0.00;396.00;;12.90;14.00
01/10/2023 22:15;0.00;396.00;;12.90;14.00
01/10/2023 22:00;0.00;396.00;;12.90;14.00
01/10/2023 21:45;0.00;396.00;;13.00;15.30
01/10/2023 21:30;0.00;396.00;;13.00;15.30
01/10/2023 21:15;0.00;396.00;;13.00;15.30
01/10/2023 21:00;0.00;395.00;;13.00;15.30
01/10/2023 20:45;0.00;395.00;;13.00;17.10
01/10/2023 20:30;0.00;394.00;;13.00;17.10
01/10/2023 20:15;0.00;393.00;;13.00;17.10
01/10/2023 20:00;0.00;392.00;;13.00;17.10
01/10/2023 19:45;0.00;390.00;;13.20;19.90
01/10/2023 19:30;0.00;389.00;;13.20;19.90
01/10/2023 19:15;0.00;387.00;;13.20;19.90
01/10/2023 19:00;0.00;387.00;;13.20;19.90
01/10/2023 18:45;0.00;386.00;;13.60;23.60
01/10/2023 18:30;0.00;387.00;;13.60;23.60
01/10/2023 18:15;0.00;388.00;;13.60;23.60
01/10/2023 18:00;0.00;390.00;;13.60;23.60
01/10/2023 17:45;0.00;393.00;;13.90;24.90
01/10/2023 17:30;0.00;395.00;;13.90;24.90
01/10/2023 17:15;0.00;398.00;;13.90;24.90
01/10/2023 17:00;0.00;399.00;;13.90;24.90
01/10/2023 16:45;0.00;401.00;;13.90;25.20
01/10/2023 16:30;0.00;401.00;;13.90;25.20
01/10/2023 16:15;0.00;402.00;;13.90;25.20
01/10/2023 16:00;0.00;402.00;;13.90;25.20
01/10/2023 15:45;0.00;402.00;;14.20;25.10
01/10/2023 15:30;0.00;402.00;;14.20;25.10
01/10/2023 15:15;0.00;403.00;;14.20;25.10
01/10/2023 15:00;0.00;403.00;;14.20;25.10
01/10/2023 14:45;0.00;403.00;;14.20;24.30
01/10/2023 14:30;0.00;403.00;;14.20;24.30
01/10/2023 14:15;0.00;404.00;;14.20;24.30
01/10/2023 14:00;0.00;404.00;;14.20;24.30
01/10/2023 13:45;0.00;404.00;;14.30;22.50
01/10/2023 13:30;0.00;404.00;;14.30;22.50
01/10/2023 13:15;0.00;405.00;;14.30;22.50
01/10/2023 13:00;0.00;404.00;;14.30;22.50
01/10/2023 12:45;0.00;405.00;;14.50;18.60
01/10/2023 12:30;0.00;405.00;;14.50;18.60
01/10/2023 12:15;0.00;405.00;;14.50;18.60
01/10/2023 12:00;0.00;405.00;;14.50;18.60
01/10/2023 11:45;0.00;406.00;;14.50;17.60
01/10/2023 11:30;0.00;406.00;;14.50;17.60
01/10/2023 11:15;0.00;406.00;;14.50;17.60
01/10/2023 11:00;0.00;406.00;;14.50;17.60
01/10/2023 10:45;0.00;407.00;;14.50;17.10
01/10/2023 10:30;0.00;407.00;;14.50;17.10
01/10/2023 10:15;0.00;407.00;;14.50;17.10
01/10/2023 10:00;0.00;407.00;;14.50;17.10
01/10/2023 09:45;0.00;408.00;;13.60;16.40
01/10/2023 09:30;0.00;408.00;;13.60;16.40
01/10/2023 09:15;0.00;408.00;;13.60;16.40
01/10/2023 09:00;0.00;408.00;;13.60;16.40
01/10/2023 08:45;0.00;408.00;;12.90;16.10
01/10/2023 08:30;0.00;409.00;;12.90;16.10
01/10/2023 08:15;0.00;409.00;;12.90;16.10
01/10/2023 08:00;0.00;409.00;;12.90;16.10
01/10/2023 07:45;0.00;409.00;;12.80;16.10
01/10/2023 07:30;0.00;410.00;;12.80;16.10
01/10/2023 07:15;0.00;410.00;;12.80;16.10
01/10/2023 07:00;0.00;410.00;;12.80;16.10
01/10/2023 06:45;0.00;411.00;;12.80;16.40
01/10/2023 06:30;0.00;411.00;;12.80;16.40
01/10/2023 06:15;0.00;411.00;;12.80;16.40
01/10/2023 06:00;0.00;412.00;;12.80;16.40
01/10/2023 05:45;0.00;412.00;;12.80;16.70
01/10/2023 05:30;0.00;413.00;;12.80;16.70
01/10/2023 05:15;0.00;413.00;;12.80;16.70
01/10/2023 05:00;0.00;413.00;;12.80;16.70
01/10/2023 04:45;0.00;413.00;;12.80;16.80
01/10/2023 04:30;0.00;414.00;;12.80;16.80
01/10/2023 04:15;0.00;414.00;;12.80;16.80
01/10/2023 04:00;0.00;415.00;;12.80;16.80
01/10/2023 03:45;0.00;415.00;;12.90;17.00
01/10/2023 03:30;0.00;415.00;;12.90;17.00
01/10/2023 03:15;0.00;416.00;;12.90;17.00
01/10/2023 03:00;0.00;416.00;;12.90;17.00
01/10/2023 02:45;0.00;417.00;;12.90;17.20
01/10/2023 02:30;0.00;417.00;;12.90;17.20
01/10/2023 02:15;0.00;418.00;;12.90;17.20
01/10/2023 02:00;0.00;418.00;;12.90;17.20
01/10/2023 01:45;0.00;418.00;;12.90;17.50
01/10/2023 01:30;0.00;419.00;;12.90;17.50
01/10/2023 01:15;0.00;419.00;;12.90;17.50
01/10/2023 01:00;0.00;420.00;;12.90;17.50
01/10/2023 00:45;0.00;420.00;;12.90;17.80
01/10/2023 00:30;0.00;421.00;;12.90;17.80
01/10/2023 00:15;0.00;;;12.90;17.80
01/10/2023 00:00;0.00;;;12.90;17.80
30/09/2023 23:45;;;;12.90;18.00
30/09/2023 23:30;;;;12.90;18.00
30/09/2023 23:15;;;;12.90;18.00
30/09/2023 23:00;;;;12.90;18.00
30/09/2023 22:45;;;;12.90;18.40
30/09/2023 22:30;;;;12.90;18.40
30/09/2023 22:15;;;;12.90;18.40
30/09/2023 22:00;;;;12.90;18.40
30/09/2023 21:45;;;;12.90;18.40
30/09/2023 21:30;;;;12.90;18.40
30/09/2023 21:15;;;;12.90;18.40
30/09/2023 21:00;;;;12.90;18.40
30/09/2023 20:45;;;;13.00;18.80
30/09/2023 20:30;;;;13.00;18.80
30/09/2023 20:15;;;;13.00;18.80
30/09/2023 20:00;;;;13.00;18.80
